2024-09-10T06:26:33.026706834Z,0,knots
2024-09-10T06:27:22.826608817Z,0.1,knots
2024-09-10T06:27:25.826655632Z,0.2,knots
2024-09-10T06:27:26.826610309Z,0.3,knots
2024-09-10T06:27:28.826624915Z,0.4,knots
2024-09-10T06:27:29.826638600Z,0.5,knots
2024-09-10T06:27:34.826587133Z,0.6,knots
2024-09-10T06:27:38.826540603Z,0.7,knots
2024-09-10T06:27:39.826587746Z,0.8,knots
2024-09-10T06:27:41.826630913Z,0.9,knots
2024-09-10T06:27:42.826641016Z,1,knots
2024-09-10T06:27:43.826590903Z,1.1,knots
2024-09-10T06:27:44.826642214Z,1.2,knots
2024-09-10T06:27:46.826641488Z,1.3,knots
2024-09-10T06:27:47.826640690Z,1.4,knots
2024-09-10T06:27:48.826575133Z,1.5,knots
2024-09-10T06:27:49.826640837Z,1.6,knots
2024-09-10T06:27:50.826594168Z,1.8,knots
2024-09-10T06:27:51.826644910Z,1.9,knots
2024-09-10T06:27:52.826585110Z,2,knots
2024-09-10T06:27:54.826640248Z,2.1,knots
2024-09-10T06:27:55.826640432Z,2.2,knots
2024-09-10T06:27:56.826642646Z,2.3,knots
2024-09-10T06:27:58.826646113Z,2.4,knots
2024-09-10T06:28:00.826623643Z,2.5,knots
2024-09-10T06:28:01.826641999Z,2.6,knots
2024-09-10T06:28:02.826629636Z,2.7,knots
2024-09-10T06:28:03.826618709Z,2.8,knots
2024-09-10T06:28:04.826621550Z,2.9,knots
2024-09-10T06:28:05.826621758Z,3,knots
2024-09-10T06:28:06.926661779Z,3.1,knots
2024-09-10T06:28:08.926688043Z,3,knots
2024-09-10T06:28:09.926611394Z,2.9,knots
2024-09-10T06:28:10.926530180Z,2.7,knots
2024-09-10T06:28:11.926675752Z,2.5,knots
2024-09-10T06:28:12.926677217Z,2.3,knots
2024-09-10T06:28:13.926682266Z,2.2,knots
2024-09-10T06:28:14.926682589Z,2.1,knots
2024-09-10T06:28:15.926676585Z,2,knots
2024-09-10T06:28:16.926676756Z,1.8,knots
2024-09-10T06:28:18.926681949Z,1.7,knots
2024-09-10T06:28:19.926653734Z,1.6,knots
2024-09-10T06:28:20.926677313Z,1.5,knots
2024-09-10T06:28:23.926624179Z,1.4,knots
2024-09-10T06:28:25.926677236Z,1.3,knots
2024-09-10T06:28:30.926574922Z,1.4,knots
2024-09-10T06:28:31.926620593Z,1.5,knots
2024-09-10T06:28:32.926677003Z,1.6,knots
2024-09-10T06:28:34.926677799Z,1.7,knots
2024-09-10T06:28:35.926613660Z,1.8,knots
2024-09-10T06:28:36.926677389Z,2,knots
2024-09-10T06:28:37.926615414Z,2.1,knots
2024-09-10T06:28:38.926725171Z,2.2,knots
2024-09-10T06:28:39.926656323Z,2.3,knots
2024-09-10T06:28:40.926678102Z,2.4,knots
2024-09-10T06:28:41.926669577Z,2.5,knots
2024-09-10T06:28:42.926657495Z,2.7,knots
2024-09-10T06:28:43.926678826Z,2.8,knots
2024-09-10T06:28:44.926659077Z,3,knots
2024-09-10T06:28:45.926691451Z,3.1,knots
2024-09-10T06:28:46.926619757Z,3.2,knots
2024-09-10T06:28:47.926680659Z,3.4,knots
2024-09-10T06:28:48.926614686Z,3.5,knots
2024-09-10T06:28:49.926678477Z,3.6,knots
2024-09-10T06:28:50.926685523Z,3.7,knots
2024-09-10T06:28:51.926614281Z,3.8,knots
2024-09-10T06:28:52.926675910Z,3.9,knots
2024-09-10T06:28:53.926686536Z,4,knots
2024-09-10T06:28:54.926613919Z,4.1,knots
2024-09-10T06:28:58.926652441Z,4,knots
2024-09-10T06:29:01.926558073Z,3.9,knots
2024-09-10T06:29:04.926573372Z,3.8,knots
2024-09-10T06:29:08.926603293Z,3.7,knots
2024-09-10T06:29:13.926682810Z,3.6,knots
2024-09-10T06:29:19.926661442Z,3.5,knots
2024-09-10T06:29:23.926642369Z,3.6,knots
2024-09-10T06:29:24.926659043Z,3.7,knots
2024-09-10T06:29:25.926724113Z,3.8,knots
2024-09-10T06:29:26.926645965Z,3.9,knots
2024-09-10T06:29:28.926594460Z,4,knots
2024-09-10T06:29:29.926643119Z,4.1,knots
2024-09-10T06:29:30.926686906Z,4.2,knots
2024-09-10T06:29:32.926598702Z,4.3,knots
2024-09-10T06:29:33.926645302Z,4.4,knots
2024-09-10T06:29:34.926612505Z,4.5,knots
2024-09-10T06:29:36.926661541Z,4.6,knots
2024-09-10T06:29:37.926676514Z,4.7,knots
2024-09-10T06:29:39.926639794Z,4.8,knots
2024-09-10T06:29:40.926612694Z,4.9,knots
2024-09-10T06:29:42.926677292Z,5,knots
2024-09-10T06:29:44.926675491Z,5.1,knots
2024-09-10T06:29:45.926678929Z,5.2,knots
2024-09-10T06:29:47.926570510Z,5.3,knots
2024-09-10T06:29:49.926615817Z,5.4,knots
2024-09-10T06:29:51.926640766Z,5.5,knots
2024-09-10T06:29:53.926573193Z,5.6,knots
2024-09-10T06:29:55.926656420Z,5.7,knots
2024-09-10T06:29:57.926677695Z,5.8,knots
2024-09-10T06:30:00.926655595Z,5.9,knots
2024-09-10T06:30:02.926859377Z,6,knots
2024-09-10T06:30:05.926639773Z,6.1,knots
2024-09-10T06:30:08.926682665Z,6.2,knots
2024-09-10T06:30:12.926642266Z,6.3,knots
2024-09-10T06:30:16.926674913Z,6.4,knots
2024-09-10T06:30:19.926675895Z,6.5,knots
2024-09-10T06:30:24.926674939Z,6.6,knots
2024-09-10T06:30:30.926678788Z,6.7,knots
2024-09-10T06:30:36.926670472Z,6.8,knots
2024-09-10T06:30:44.926677062Z,6.9,knots
2024-09-10T06:30:53.926588504Z,7,knots
2024-09-10T06:31:04.926682805Z,7.1,knots
2024-09-10T06:31:19.926652924Z,7.2,knots
2024-09-10T06:31:47.926679115Z,7.3,knots
2024-09-10T06:32:47.026584529Z,7.3,knots
2024-09-10T06:32:58.926667252Z,7.4,knots
2024-09-10T06:33:01.926526859Z,7.3,knots
2024-09-10T06:33:18.947724226Z,7.2,knots
2024-09-10T06:33:24.947577926Z,7.1,knots
2024-09-10T06:33:26.947634082Z,7,knots
2024-09-10T06:33:27.947663649Z,6.9,knots
2024-09-10T06:33:28.947712998Z,6.8,knots
2024-09-10T06:33:29.947644651Z,6.7,knots
2024-09-10T06:33:30.947640675Z,6.6,knots
2024-09-10T06:33:31.947682210Z,6.5,knots
2024-09-10T06:33:33.947580913Z,6.4,knots
2024-09-10T06:33:34.947656217Z,6.3,knots
2024-09-10T06:33:36.947720717Z,6.2,knots
2024-09-10T06:33:37.947565937Z,6.1,knots
2024-09-10T06:33:38.947622109Z,6,knots
2024-09-10T06:33:40.947659981Z,5.9,knots
2024-09-10T06:33:41.947684126Z,5.8,knots
2024-09-10T06:33:43.947686785Z,5.7,knots
2024-09-10T06:33:44.947715539Z,5.6,knots
2024-09-10T06:33:45.947680997Z,5.5,knots
2024-09-10T06:33:47.947700382Z,5.4,knots
2024-09-10T06:33:48.947700132Z,5.3,knots
2024-09-10T06:33:49.947711220Z,5.4,knots
2024-09-10T06:33:50.947737835Z,5.2,knots
2024-09-10T06:33:52.947715177Z,5.1,knots
2024-09-10T06:33:53.947709753Z,5,knots
2024-09-10T06:33:56.947634020Z,4.8,knots
2024-09-10T06:33:59.947617550Z,4.7,knots
2024-09-10T06:34:02.947655251Z,4.6,knots
2024-09-10T06:34:04.947717532Z,4.7,knots
2024-09-10T06:34:05.947681830Z,4.6,knots
2024-09-10T06:34:06.947667088Z,4.7,knots
2024-09-10T06:34:07.947668013Z,4.8,knots
2024-09-10T06:34:10.947703949Z,5,knots
2024-09-10T06:34:11.947734062Z,4.9,knots
2024-09-10T06:34:12.947716685Z,5,knots
2024-09-10T06:34:13.947719977Z,5.1,knots
2024-09-10T06:34:15.947553505Z,5.2,knots
2024-09-10T06:34:18.947658175Z,5.3,knots
2024-09-10T06:34:21.947680361Z,5.4,knots
2024-09-10T06:34:24.947776730Z,5.5,knots
2024-09-10T06:34:27.947714907Z,5.6,knots
2024-09-10T06:34:30.947673466Z,5.7,knots
2024-09-10T06:34:34.947704485Z,5.8,knots
2024-09-10T06:34:40.947668596Z,5.9,knots
2024-09-10T06:34:45.947654333Z,6,knots
2024-09-10T06:34:49.947570594Z,6.1,knots
2024-09-10T06:34:50.947719245Z,6,knots
2024-09-10T06:34:51.947576327Z,6.1,knots
2024-09-10T06:34:55.947681528Z,6.2,knots
2024-09-10T06:34:56.947723898Z,6.1,knots
2024-09-10T06:34:57.947721331Z,6.2,knots
2024-09-10T06:35:05.947679993Z,6.3,knots
2024-09-10T06:35:07.947699064Z,6.2,knots
2024-09-10T06:35:08.947702401Z,6.3,knots
2024-09-10T06:35:17.947683603Z,6.4,knots
2024-09-10T06:35:19.947628567Z,6.3,knots
2024-09-10T06:35:20.947723998Z,6.4,knots
2024-09-10T06:35:24.947720864Z,6.5,knots
2024-09-10T06:35:25.947577931Z,6.4,knots
2024-09-10T06:35:30.947655451Z,6.5,knots
2024-09-10T06:35:31.947725235Z,6.4,knots
2024-09-10T06:35:32.947717513Z,6.5,knots
2024-09-10T06:35:34.947654394Z,6.4,knots
2024-09-10T06:35:36.947654670Z,6.5,knots
2024-09-10T06:35:37.947616889Z,6.4,knots
2024-09-10T06:35:38.947723686Z,6.5,knots
2024-09-10T06:35:40.947718463Z,6.4,knots
2024-09-10T06:35:41.947694559Z,6.5,knots
2024-09-10T06:35:59.947681682Z,6.6,knots
2024-09-10T06:36:00.947655340Z,6.5,knots
2024-09-10T06:36:01.947570320Z,6.6,knots
2024-09-10T06:36:03.947841975Z,6.5,knots
2024-09-10T06:36:04.947615985Z,6.6,knots
2024-09-10T06:36:06.947564877Z,6.5,knots
2024-09-10T06:36:07.947590401Z,6.6,knots
2024-09-10T06:36:09.947732050Z,6.5,knots
2024-09-10T06:36:10.947578571Z,6.7,knots
2024-09-10T06:36:11.947658162Z,6.5,knots
2024-09-10T06:36:12.947656257Z,6.6,knots
2024-09-10T06:36:14.947718863Z,6.5,knots
2024-09-10T06:36:15.947640609Z,6.6,knots
2024-09-10T06:36:17.947716292Z,6.5,knots
2024-09-10T06:36:18.947641535Z,6.6,knots
2024-09-10T06:36:22.947704206Z,6.7,knots
2024-09-10T06:36:23.947692872Z,6.6,knots
2024-09-10T06:36:24.947748409Z,6.7,knots
2024-09-10T06:36:25.947676684Z,6.6,knots
2024-09-10T06:36:28.947727248Z,6.7,knots
2024-09-10T06:36:29.947681551Z,6.6,knots
2024-09-10T06:36:31.947634606Z,6.7,knots
2024-09-10T06:36:32.947694781Z,6.6,knots
2024-09-10T06:36:33.947735774Z,6.7,knots
2024-09-10T06:36:34.947656465Z,6.6,knots
2024-09-10T06:36:36.947564114Z,6.7,knots
2024-09-10T06:36:37.947617441Z,6.6,knots
2024-09-10T06:36:38.947657873Z,6.7,knots
2024-09-10T06:36:40.947631508Z,6.6,knots
2024-09-10T06:36:41.947684258Z,6.7,knots
2024-09-10T06:36:43.947695221Z,6.6,knots
2024-09-10T06:36:45.947683926Z,6.7,knots
2024-09-10T06:36:47.947594617Z,6.6,knots
2024-09-10T06:36:49.947546991Z,6.7,knots
2024-09-10T06:36:50.947624355Z,6.6,knots
2024-09-10T06:36:52.947719581Z,6.7,knots
2024-09-10T06:36:54.947656486Z,6.5,knots
2024-09-10T06:36:55.947670592Z,6.7,knots
2024-09-10T06:36:57.947683273Z,6.6,knots
2024-09-10T06:36:59.947700415Z,6.7,knots
2024-09-10T06:37:00.947696440Z,6.6,knots
2024-09-10T06:37:04.947888101Z,6.7,knots
2024-09-10T06:37:05.947709728Z,6.6,knots
2024-09-10T06:37:06.947732233Z,6.7,knots
2024-09-10T06:37:08.947720785Z,6.6,knots
2024-09-10T06:37:09.947561878Z,6.7,knots
2024-09-10T06:37:10.947726087Z,6.6,knots
2024-09-10T06:37:12.947746093Z,6.7,knots
2024-09-10T06:37:13.947693268Z,6.6,knots
2024-09-10T06:37:15.947684085Z,6.7,knots
2024-09-10T06:37:16.947733374Z,6.6,knots
2024-09-10T06:37:17.947721455Z,6.7,knots
2024-09-10T06:37:29.930251672Z,6.8,knots
2024-09-10T06:37:30.930257655Z,6.7,knots
2024-09-10T06:37:32.930252560Z,6.8,knots
2024-09-10T06:37:33.930268075Z,6.7,knots
2024-09-10T06:37:36.930251625Z,6.8,knots
2024-09-10T06:37:38.930303586Z,6.7,knots
2024-09-10T06:37:39.930253958Z,6.8,knots
2024-09-10T06:37:41.930237051Z,6.7,knots
2024-09-10T06:37:42.930252181Z,6.8,knots
2024-09-10T06:37:44.930353811Z,6.7,knots
2024-09-10T06:37:45.930211723Z,6.8,knots
2024-09-10T06:37:47.930239174Z,6.7,knots
2024-09-10T06:37:49.930239736Z,6.9,knots
2024-09-10T06:37:50.930180821Z,6.8,knots
2024-09-10T06:37:51.930250462Z,6.7,knots
2024-09-10T06:37:52.930237978Z,6.8,knots
2024-09-10T06:37:55.930239473Z,6.7,knots
2024-09-10T06:37:56.930238380Z,6.8,knots
2024-09-10T06:37:59.930238209Z,6.7,knots
2024-09-10T06:38:00.930196990Z,6.8,knots
2024-09-10T06:38:02.930130277Z,6.7,knots
2024-09-10T06:38:03.930200439Z,6.8,knots
2024-09-10T06:38:04.930287007Z,6.7,knots
2024-09-10T06:38:05.930242890Z,6.8,knots
2024-09-10T06:38:08.930291470Z,6.7,knots
2024-09-10T06:38:09.930257133Z,6.8,knots
2024-09-10T06:38:11.930240543Z,6.6,knots
2024-09-10T06:38:12.930254026Z,6.8,knots
2024-09-10T06:38:15.930216416Z,6.7,knots
2024-09-10T06:38:26.930238956Z,6.6,knots
2024-09-10T06:38:27.930237968Z,6.8,knots
2024-09-10T06:38:29.030202482Z,6.7,knots
2024-09-10T06:38:32.030208768Z,6.6,knots
2024-09-10T06:38:33.030204744Z,6.7,knots
2024-09-10T06:38:35.030258205Z,6.6,knots
2024-09-10T06:38:36.030296249Z,6.7,knots
2024-09-10T06:38:38.030241884Z,6.6,knots
2024-09-10T06:38:40.030248757Z,6.7,knots
2024-09-10T06:38:42.030246194Z,6.6,knots
2024-09-10T06:38:47.030247567Z,6.5,knots
2024-09-10T06:38:48.030226830Z,6.6,knots
2024-09-10T06:38:49.030226997Z,6.5,knots
2024-09-10T06:38:52.030225702Z,6.4,knots
2024-09-10T06:38:53.030251928Z,6.5,knots
2024-09-10T06:38:55.030267800Z,6.4,knots
2024-09-10T06:39:03.030210518Z,6.3,knots
2024-09-10T06:39:04.030257351Z,6.4,knots
2024-09-10T06:39:05.030236621Z,6.3,knots
2024-09-10T06:39:07.030318416Z,6.4,knots
2024-09-10T06:39:08.030247867Z,6.3,knots
2024-09-10T06:39:12.030253240Z,6.2,knots
2024-09-10T06:39:14.030242876Z,6.3,knots
2024-09-10T06:39:17.030323438Z,6.2,knots
2024-09-10T06:39:19.030250065Z,6.3,knots
2024-09-10T06:39:20.030236436Z,6.2,knots
2024-09-10T06:39:22.030292675Z,6.3,knots
2024-09-10T06:39:24.030261641Z,6.2,knots
2024-09-10T06:39:26.030305059Z,6.3,knots
2024-09-10T06:39:27.030263364Z,6.2,knots
2024-09-10T06:39:32.030135501Z,6.1,knots
2024-09-10T06:39:33.030258559Z,6.2,knots
2024-09-10T06:39:34.030258667Z,6.3,knots
2024-09-10T06:39:35.030322544Z,6.1,knots
2024-09-10T06:39:36.030282387Z,6.2,knots
2024-09-10T06:39:41.030276286Z,6.3,knots
2024-09-10T06:39:44.030232348Z,6.4,knots
2024-09-10T06:39:46.030325785Z,6.5,knots
2024-09-10T06:39:50.030252188Z,6.6,knots
2024-09-10T06:39:51.030255166Z,6.7,knots
2024-09-10T06:39:52.030296677Z,6.6,knots
2024-09-10T06:39:54.030323923Z,6.8,knots
2024-09-10T06:39:56.030249467Z,6.9,knots
2024-09-10T06:39:57.030266652Z,7,knots
2024-09-10T06:39:59.030359889Z,7.1,knots
2024-09-10T06:40:02.030183151Z,7.3,knots
2024-09-10T06:40:03.030198366Z,7.2,knots
2024-09-10T06:40:04.030215293Z,7.3,knots
2024-09-10T06:40:05.030239703Z,7.4,knots
2024-09-10T06:40:07.030231490Z,7.5,knots
2024-09-10T06:40:10.030241225Z,7.6,knots
2024-09-10T06:40:13.030265073Z,7.7,knots
2024-09-10T06:40:14.030447896Z,7.8,knots
2024-09-10T06:40:15.030326667Z,7.7,knots
2024-09-10T06:40:16.030250801Z,7.8,knots
2024-09-10T06:40:20.030260741Z,7.9,knots
2024-09-10T06:40:21.030231746Z,7.8,knots
2024-09-10T06:40:22.030299543Z,7.9,knots
2024-09-10T06:40:23.030217897Z,8,knots
2024-09-10T06:40:24.030320715Z,7.9,knots
2024-09-10T06:40:26.030201328Z,8,knots
2024-09-10T06:40:28.030256505Z,7.9,knots
2024-09-10T06:40:29.030250029Z,8,knots
2024-09-10T06:40:31.030291656Z,7.9,knots
2024-09-10T06:40:32.030254114Z,8.1,knots
2024-09-10T06:40:33.030317077Z,8,knots
2024-09-10T06:40:35.030158567Z,8.1,knots
2024-09-10T06:40:37.030244057Z,8,knots
2024-09-10T06:40:38.030305018Z,8.1,knots
2024-09-10T06:40:40.030292815Z,8,knots
2024-09-10T06:40:41.030210029Z,8.2,knots
2024-09-10T06:40:42.030198717Z,8.1,knots
2024-09-10T06:40:44.030198455Z,8.2,knots
2024-09-10T06:40:45.030236471Z,8.1,knots
2024-09-10T06:40:46.030265818Z,8.2,knots
2024-09-10T06:40:47.030150928Z,8,knots
2024-09-10T06:40:48.030173055Z,8.1,knots
2024-09-10T06:40:49.030268023Z,8.3,knots
2024-09-10T06:40:50.030281576Z,8,knots
2024-09-10T06:40:51.030337593Z,8.1,knots
2024-09-10T06:40:52.030274571Z,8.3,knots
2024-09-10T06:40:53.030271174Z,8.1,knots
2024-09-10T06:40:56.030262969Z,8,knots
2024-09-10T06:40:57.030271280Z,8.2,knots
2024-09-10T06:40:59.030301268Z,8.1,knots
2024-09-10T06:41:00.030261067Z,8.2,knots
2024-09-10T06:41:03.030168231Z,8.1,knots
2024-09-10T06:41:05.030247666Z,8.3,knots
2024-09-10T06:41:06.030311683Z,8.2,knots
2024-09-10T06:41:07.030241169Z,8.1,knots
2024-09-10T06:41:08.030291616Z,8.2,knots
2024-09-10T06:41:12.030317411Z,8.1,knots
2024-09-10T06:41:13.030295585Z,8.2,knots
2024-09-10T06:41:15.030249295Z,8.1,knots
2024-09-10T06:41:16.030251891Z,8.2,knots
2024-09-10T06:41:17.030255894Z,8.1,knots
2024-09-10T06:41:18.030306978Z,8.2,knots
2024-09-10T06:41:20.030233621Z,8.1,knots
2024-09-10T06:41:22.030297017Z,8.2,knots
2024-09-10T06:41:23.030245090Z,8.3,knots
2024-09-10T06:41:24.030212099Z,8.1,knots
2024-09-10T06:41:26.030247988Z,8.3,knots
2024-09-10T06:41:27.030312256Z,8.1,knots
2024-09-10T06:41:29.030274836Z,8.2,knots
2024-09-10T06:41:30.030280222Z,8.1,knots
2024-09-10T06:41:31.030285247Z,8.2,knots
2024-09-10T06:41:33.030273630Z,8.1,knots
2024-09-10T06:41:34.030280235Z,8.2,knots
2024-09-10T06:41:36.030214073Z,8.1,knots
2024-09-10T06:41:37.030248593Z,8.2,knots
2024-09-10T06:41:38.030258466Z,8.1,knots
2024-09-10T06:41:40.030254478Z,8.2,knots
2024-09-10T06:41:41.030260679Z,8.1,knots
2024-09-10T06:41:42.030266445Z,8.2,knots
2024-09-10T06:41:44.030227008Z,8.1,knots
2024-09-10T06:41:45.030314230Z,8.2,knots
2024-09-10T06:41:48.030183289Z,8.1,knots
2024-09-10T06:41:49.030298425Z,8.2,knots
2024-09-10T06:41:50.030271330Z,8.3,knots
2024-09-10T06:41:51.030240793Z,8.1,knots
2024-09-10T06:41:53.030268684Z,8.2,knots
2024-09-10T06:41:54.030209798Z,8.1,knots
2024-09-10T06:41:55.030229677Z,8.2,knots
2024-09-10T06:41:57.030132930Z,8.1,knots
2024-09-10T06:41:58.030153628Z,8.2,knots
2024-09-10T06:42:01.030166228Z,8.1,knots
2024-09-10T06:42:02.030220177Z,8.2,knots
2024-09-10T06:42:05.030339416Z,8.1,knots
2024-09-10T06:42:06.030304120Z,8.2,knots
2024-09-10T06:42:08.030264585Z,8.1,knots
2024-09-10T06:42:10.030289017Z,8.2,knots
2024-09-10T06:42:11.030244534Z,8.3,knots
2024-09-10T06:42:12.030292512Z,8,knots
2024-09-10T06:42:13.030281554Z,8.2,knots
2024-09-10T06:42:15.030181511Z,8.1,knots
2024-09-10T06:42:16.030221453Z,8.2,knots
2024-09-10T06:42:17.030253879Z,8.1,knots
2024-09-10T06:42:20.030262070Z,8.2,knots
2024-09-10T06:42:22.030292288Z,8.1,knots
2024-09-10T06:42:23.030251631Z,8.2,knots
2024-09-10T06:42:24.030316640Z,8.1,knots
2024-09-10T06:42:26.030308948Z,8.2,knots
2024-09-10T06:42:28.030244590Z,8.1,knots
2024-09-10T06:42:33.030220797Z,8.2,knots
2024-09-10T06:42:34.030161364Z,8.1,knots
2024-09-10T06:42:36.030187864Z,8.2,knots
2024-09-10T06:42:37.030185390Z,8.1,knots
2024-09-10T06:42:39.030381615Z,8.2,knots
2024-09-10T06:42:40.030239138Z,8.1,knots
2024-09-10T06:42:45.985457689Z,8.2,knots
2024-09-10T06:42:46.985443941Z,8.3,knots
2024-09-10T06:42:47.985572061Z,8.1,knots
2024-09-10T06:42:52.985450210Z,8,knots
2024-09-10T06:42:53.985475034Z,8.1,knots
2024-09-10T06:42:55.985428606Z,8,knots
2024-09-10T06:42:56.985473122Z,7.9,knots
2024-09-10T06:42:57.985427139Z,7.8,knots
2024-09-10T06:42:59.985469839Z,7.6,knots
2024-09-10T06:43:00.985489426Z,7.3,knots
2024-09-10T06:43:01.985340978Z,7.4,knots
2024-09-10T06:43:02.985376232Z,7.3,knots
2024-09-10T06:43:03.985424293Z,6.9,knots
2024-09-10T06:43:06.985488476Z,6.6,knots
2024-09-10T06:43:07.985488476Z,6.5,knots
2024-09-10T06:43:09.985497643Z,6.3,knots
2024-09-10T06:43:12.085387608Z,6.2,knots
2024-09-10T06:43:13.085475163Z,6.1,knots
2024-09-10T06:43:14.085474413Z,6,knots
2024-09-10T06:43:15.085432205Z,5.9,knots
2024-09-10T06:43:16.085566051Z,5.8,knots
2024-09-10T06:43:18.085527668Z,5.6,knots
2024-09-10T06:43:20.085507494Z,5.5,knots
2024-09-10T06:43:21.085398247Z,5.4,knots
2024-09-10T06:43:23.085513162Z,5.3,knots
2024-09-10T06:43:24.085534580Z,5.2,knots
2024-09-10T06:43:26.085505447Z,5.1,knots
2024-09-10T06:43:27.085456469Z,5,knots
2024-09-10T06:43:29.085561318Z,4.9,knots
2024-09-10T06:43:30.085760082Z,4.8,knots
2024-09-10T06:43:32.085488293Z,4.7,knots
2024-09-10T06:43:34.085419737Z,4.6,knots
2024-09-10T06:43:36.085477323Z,4.5,knots
2024-09-10T06:43:37.085472635Z,4.6,knots
2024-09-10T06:43:38.085461536Z,4.5,knots
2024-09-10T06:43:39.085494991Z,4.3,knots
2024-09-10T06:43:40.085472144Z,4.4,knots
2024-09-10T06:43:41.085427041Z,4.6,knots
2024-09-10T06:43:42.085550891Z,4.3,knots
2024-09-10T06:43:43.085491501Z,4.2,knots
2024-09-10T06:43:44.085491851Z,4.4,knots
2024-09-10T06:43:46.085405309Z,4.1,knots
2024-09-10T06:43:47.085395776Z,4.2,knots
2024-09-10T06:43:48.085485295Z,4.3,knots
2024-09-10T06:43:49.085456430Z,4.2,knots
2024-09-10T06:43:52.085396677Z,4.1,knots
2024-09-10T06:43:54.085484857Z,4.2,knots
2024-09-10T06:43:55.085478994Z,4.1,knots
2024-09-10T06:43:59.085439906Z,4.2,knots
2024-09-10T06:44:00.085888039Z,4,knots
2024-09-10T06:44:07.085553736Z,4.1,knots
2024-09-10T06:44:08.085516697Z,4,knots
2024-09-10T06:44:09.085599441Z,3.9,knots
2024-09-10T06:44:10.085480693Z,4.2,knots
2024-09-10T06:44:11.085385247Z,3.9,knots
2024-09-10T06:44:13.085446834Z,4,knots
2024-09-10T06:44:14.085400930Z,4.2,knots
2024-09-10T06:44:15.085429536Z,3.8,knots
2024-09-10T06:44:17.085399683Z,4,knots
2024-09-10T06:44:19.085533008Z,3.8,knots
2024-09-10T06:44:20.085470226Z,3.7,knots
2024-09-10T06:44:21.085398733Z,3.8,knots
2024-09-10T06:44:22.085374288Z,3.9,knots
2024-09-10T06:44:23.085418959Z,3.8,knots
2024-09-10T06:44:24.085393670Z,3.7,knots
2024-09-10T06:44:26.085456899Z,3.8,knots
2024-09-10T06:44:27.085381160Z,3.9,knots
2024-09-10T06:44:28.085472793Z,3.7,knots
2024-09-10T06:44:29.085414293Z,3.6,knots
2024-09-10T06:44:30.085536874Z,3.8,knots
2024-09-10T06:44:32.085457928Z,3.6,knots
2024-09-10T06:44:34.085469256Z,3.7,knots
2024-09-10T06:44:36.085430166Z,3.6,knots
2024-09-10T06:44:39.085423272Z,3.7,knots
2024-09-10T06:44:40.085502394Z,3.6,knots
2024-09-10T06:44:47.085501842Z,3.5,knots
2024-09-10T06:44:49.085405693Z,3.6,knots
2024-09-10T06:44:51.085430902Z,3.5,knots
2024-09-10T06:44:53.085392328Z,3.6,knots
2024-09-10T06:44:54.085428163Z,3.7,knots
2024-09-10T06:44:55.085412823Z,3.5,knots
2024-09-10T06:44:57.085458138Z,3.6,knots
2024-09-10T06:44:58.085487945Z,3.7,knots
2024-09-10T06:44:59.085522793Z,3.5,knots
2024-09-10T06:45:01.085463548Z,3.6,knots
2024-09-10T06:45:02.085431005Z,3.7,knots
2024-09-10T06:45:03.085441848Z,3.5,knots
2024-09-10T06:45:05.085399185Z,3.6,knots
2024-09-10T06:45:07.085445714Z,3.5,knots
2024-09-10T06:45:09.085526193Z,3.6,knots
2024-09-10T06:45:11.085485591Z,3.5,knots
2024-09-10T06:45:14.085493637Z,3.6,knots
2024-09-10T06:45:15.085445168Z,3.5,knots
2024-09-10T06:45:17.085406603Z,3.6,knots
2024-09-10T06:45:18.085387712Z,3.5,knots
2024-09-10T06:45:20.085514453Z,3.6,knots
2024-09-10T06:45:21.085488211Z,3.5,knots
2024-09-10T06:45:22.085473780Z,3.6,knots
2024-09-10T06:45:24.085497162Z,3.5,knots
2024-09-10T06:45:26.085507905Z,3.6,knots
2024-09-10T06:45:28.085447155Z,3.5,knots
2024-09-10T06:45:30.085539278Z,3.6,knots
2024-09-10T06:45:32.085469731Z,3.5,knots
2024-09-10T06:45:34.085471705Z,3.6,knots
2024-09-10T06:45:36.085403017Z,3.5,knots
2024-09-10T06:45:38.085375356Z,3.7,knots
2024-09-10T06:45:39.085455449Z,3.6,knots
2024-09-10T06:45:40.085537184Z,3.5,knots
2024-09-10T06:45:42.085409621Z,3.6,knots
2024-09-10T06:45:43.085411696Z,3.5,knots
2024-09-10T06:45:46.085486331Z,3.6,knots
2024-09-10T06:45:47.085480929Z,3.5,knots
2024-09-10T06:45:51.085379623Z,3.4,knots
2024-09-10T06:45:52.085528635Z,3.5,knots
2024-09-10T06:45:55.085387591Z,3.4,knots
2024-09-10T06:45:56.085476208Z,3.5,knots
2024-09-10T06:45:57.085492656Z,3.6,knots
2024-09-10T06:45:58.085515454Z,3.4,knots
2024-09-10T06:46:00.085518723Z,3.5,knots
2024-09-10T06:46:03.085483442Z,3.4,knots
2024-09-10T06:46:05.085484438Z,3.5,knots
2024-09-10T06:46:07.085416116Z,3.4,knots
2024-09-10T06:46:09.085456265Z,3.5,knots
2024-09-10T06:46:12.085495727Z,3.4,knots
2024-09-10T06:46:14.085478329Z,3.5,knots
2024-09-10T06:46:15.085378600Z,3.6,knots
2024-09-10T06:46:16.085642485Z,3.4,knots
2024-09-10T06:46:18.085498610Z,3.6,knots
2024-09-10T06:46:20.085492285Z,3.3,knots
2024-09-10T06:46:21.085495884Z,3.4,knots
2024-09-10T06:46:22.085486857Z,3.6,knots
2024-09-10T06:46:23.085415777Z,3.5,knots
2024-09-10T06:46:24.085426951Z,3.4,knots
2024-09-10T06:46:25.085414701Z,3.5,knots
2024-09-10T06:46:26.085386408Z,3.4,knots
2024-09-10T06:46:27.085413534Z,3.5,knots
2024-09-10T06:46:29.085520700Z,3.4,knots
2024-09-10T06:46:33.085377780Z,3.5,knots
2024-09-10T06:46:35.085553945Z,3.3,knots
2024-09-10T06:46:36.085507803Z,3.4,knots
2024-09-10T06:46:37.085507704Z,3.6,knots
2024-09-10T06:46:38.085550108Z,3.4,knots
2024-09-10T06:46:39.085505932Z,3.2,knots
2024-09-10T06:46:40.085487441Z,3.4,knots
2024-09-10T06:46:41.085504357Z,3.6,knots
2024-09-10T06:46:42.085510053Z,3.4,knots
2024-09-10T06:46:43.085486022Z,3.2,knots
2024-09-10T06:46:44.085493831Z,3.4,knots
2024-09-10T06:46:45.085449733Z,3.6,knots
2024-09-10T06:46:46.085488539Z,3.4,knots
2024-09-10T06:46:47.115505703Z,3.3,knots
2024-09-10T06:46:48.115665288Z,3.4,knots
2024-09-10T06:46:50.115660649Z,3.6,knots
2024-09-10T06:46:51.115587779Z,3.4,knots
2024-09-10T06:46:52.115529185Z,3.2,knots
2024-09-10T06:46:53.115580904Z,3.4,knots
2024-09-10T06:46:54.115532407Z,3.6,knots
2024-09-10T06:46:55.115557613Z,3.4,knots
2024-09-10T06:46:56.115528475Z,3.3,knots
2024-09-10T06:46:57.115530793Z,3.4,knots
2024-09-10T06:47:01.115615390Z,3.3,knots
2024-09-10T06:47:02.115590614Z,3.4,knots
2024-09-10T06:47:03.115560018Z,3.5,knots
2024-09-10T06:47:04.115653114Z,3.4,knots
2024-09-10T06:47:05.115561671Z,3.3,knots
2024-09-10T06:47:07.115524969Z,3.6,knots
2024-09-10T06:47:08.115525207Z,3.4,knots
2024-09-10T06:47:09.115527081Z,3.3,knots
2024-09-10T06:47:10.115664663Z,3.4,knots
2024-09-10T06:47:11.115589644Z,3.5,knots
2024-09-10T06:47:12.115660653Z,3.4,knots
2024-09-10T06:47:13.115553721Z,3.3,knots
2024-09-10T06:47:14.115663652Z,3.5,knots
2024-09-10T06:47:16.115651870Z,3.4,knots
2024-09-10T06:47:18.115667637Z,3.7,knots
2024-09-10T06:47:19.115649435Z,3.6,knots
2024-09-10T06:47:20.115659033Z,3.5,knots
2024-09-10T06:47:21.115739400Z,3.8,knots
2024-09-10T06:47:22.115681046Z,3.9,knots
2024-09-10T06:47:23.115679928Z,3.8,knots
2024-09-10T06:47:24.115583005Z,3.9,knots
2024-09-10T06:47:25.115580513Z,4.1,knots
2024-09-10T06:47:28.115645035Z,4.3,knots
2024-09-10T06:47:29.115580130Z,4.4,knots
2024-09-10T06:47:30.115654815Z,4.5,knots
2024-09-10T06:47:31.115525710Z,4.6,knots
2024-09-10T06:47:33.115679731Z,4.8,knots
2024-09-10T06:47:34.115683784Z,5,knots
2024-09-10T06:47:35.115578794Z,4.9,knots
2024-09-10T06:47:36.115525752Z,5,knots
2024-09-10T06:47:37.115525678Z,5.2,knots
2024-09-10T06:47:38.115616365Z,5.3,knots
2024-09-10T06:47:41.115532918Z,5.5,knots
2024-09-10T06:47:42.115530256Z,5.6,knots
2024-09-10T06:47:43.115559049Z,5.5,knots
2024-09-10T06:47:44.115582771Z,5.6,knots
2024-09-10T06:47:45.115528345Z,5.7,knots
2024-09-10T06:47:46.115644689Z,5.8,knots
2024-09-10T06:47:48.115527124Z,6,knots
2024-09-10T06:47:49.115660922Z,5.9,knots
2024-09-10T06:47:50.115655388Z,6,knots
2024-09-10T06:47:52.115720975Z,6.1,knots
2024-09-10T06:47:55.115665497Z,6.2,knots
2024-09-10T06:47:57.115673840Z,6.3,knots
2024-09-10T06:48:01.115526361Z,6.4,knots
2024-09-10T06:48:03.115607630Z,6.5,knots
2024-09-10T06:48:06.115679922Z,6.6,knots
2024-09-10T06:48:07.115506999Z,6.5,knots
2024-09-10T06:48:08.115506272Z,6.6,knots
2024-09-10T06:48:10.115686529Z,6.7,knots
2024-09-10T06:48:11.115662031Z,6.6,knots
2024-09-10T06:48:13.115506725Z,6.8,knots
2024-09-10T06:48:14.115529525Z,6.7,knots
2024-09-10T06:48:15.115542574Z,6.6,knots
2024-09-10T06:48:16.115680624Z,6.7,knots
2024-09-10T06:48:17.115525032Z,6.8,knots
2024-09-10T06:48:18.115683383Z,6.9,knots
2024-09-10T06:48:19.115533107Z,6.7,knots
2024-09-10T06:48:21.115553904Z,6.8,knots
2024-09-10T06:48:22.115679640Z,6.9,knots
2024-09-10T06:48:23.115682505Z,6.7,knots
2024-09-10T06:48:24.115530490Z,6.8,knots
2024-09-10T06:48:25.115524808Z,6.9,knots
2024-09-10T06:48:28.115525465Z,6.8,knots
2024-09-10T06:48:29.115494612Z,6.9,knots
2024-09-10T06:48:31.115656646Z,7,knots
2024-09-10T06:48:32.115723471Z,6.8,knots
2024-09-10T06:48:33.115692072Z,6.9,knots
2024-09-10T06:48:34.115656665Z,7,knots
2024-09-10T06:48:36.115656438Z,6.9,knots
2024-09-10T06:48:38.115724794Z,7,knots
2024-09-10T06:48:39.115644509Z,6.9,knots
2024-09-10T06:48:41.115555170Z,7,knots
2024-09-10T06:48:42.115680316Z,6.9,knots
2024-09-10T06:48:44.115528472Z,7,knots
2024-09-10T06:48:47.115555720Z,6.9,knots
2024-09-10T06:48:48.115532688Z,7,knots
2024-09-10T06:48:51.115530998Z,6.9,knots
2024-09-10T06:48:52.115581440Z,7,knots
2024-09-10T06:48:54.115578725Z,6.9,knots
2024-09-10T06:49:00.115645912Z,6.8,knots
2024-09-10T06:49:01.115648975Z,6.9,knots
2024-09-10T06:49:03.115559455Z,6.8,knots
2024-09-10T06:49:09.115536237Z,6.7,knots
2024-09-10T06:49:10.115649435Z,6.9,knots
2024-09-10T06:49:11.115652584Z,6.7,knots
2024-09-10T06:49:13.115704779Z,6.8,knots
2024-09-10T06:49:15.115668047Z,6.7,knots
2024-09-10T06:49:23.115559422Z,6.6,knots
2024-09-10T06:49:24.115509047Z,6.7,knots
2024-09-10T06:49:26.115644809Z,6.5,knots
2024-09-10T06:49:27.115506529Z,6.7,knots
2024-09-10T06:49:29.115519670Z,6.5,knots
2024-09-10T06:49:30.115656705Z,6.6,knots
2024-09-10T06:49:31.115646075Z,6.7,knots
2024-09-10T06:49:32.115576641Z,6.4,knots
2024-09-10T06:49:33.115634817Z,6.6,knots
2024-09-10T06:49:35.115555714Z,6.5,knots
2024-09-10T06:49:38.115595566Z,6.6,knots
2024-09-10T06:49:39.115605193Z,6.5,knots
2024-09-10T06:49:40.115642968Z,6.4,knots
2024-09-10T06:49:41.115506147Z,6.6,knots
2024-09-10T06:49:42.115575685Z,6.5,knots
2024-09-10T06:49:43.115531961Z,6.3,knots
2024-09-10T06:49:44.115686006Z,6.6,knots
2024-09-10T06:49:45.115507653Z,6.4,knots
2024-09-10T06:49:48.115664229Z,6.5,knots
2024-09-10T06:49:49.115672482Z,6.4,knots
2024-09-10T06:49:50.115647677Z,6.3,knots
2024-09-10T06:49:51.115645009Z,6.4,knots
2024-09-10T06:49:52.115662998Z,6.5,knots
2024-09-10T06:49:53.115625940Z,6.3,knots
2024-09-10T06:49:54.115675177Z,6.4,knots
2024-09-10T06:49:55.115711363Z,6.5,knots
2024-09-10T06:49:56.115553686Z,6.4,knots
2024-09-10T06:50:04.115635031Z,6.5,knots
2024-09-10T06:50:05.115575782Z,6.4,knots
2024-09-10T06:50:07.115590430Z,6.5,knots
2024-09-10T06:50:08.115532031Z,6.3,knots
2024-09-10T06:50:09.115503245Z,6.4,knots
2024-09-10T06:50:10.115644861Z,6.5,knots
2024-09-10T06:50:11.115681188Z,6.3,knots
2024-09-10T06:50:12.115591456Z,6.4,knots
2024-09-10T06:50:13.115531462Z,6.5,knots
2024-09-10T06:50:14.115494233Z,6.2,knots
2024-09-10T06:50:15.115555839Z,6.5,knots
2024-09-10T06:50:16.115628099Z,6.4,knots
2024-09-10T06:50:17.115532047Z,6.2,knots
2024-09-10T06:50:18.074350847Z,6.5,knots
2024-09-10T06:50:19.074353106Z,6.4,knots
2024-09-10T06:50:20.074397689Z,6.2,knots
2024-09-10T06:50:21.074348448Z,6.5,knots
2024-09-10T06:50:22.074332936Z,6.3,knots
2024-09-10T06:50:24.074387178Z,6.4,knots
2024-09-10T06:50:25.074370390Z,6.3,knots
2024-09-10T06:50:26.074464110Z,6.4,knots
2024-09-10T06:50:28.074400056Z,6.3,knots
2024-09-10T06:50:29.074410218Z,6.4,knots
2024-09-10T06:50:30.074406955Z,6.3,knots
2024-09-10T06:50:32.074392299Z,6.4,knots
2024-09-10T06:50:33.074377436Z,6.3,knots
2024-09-10T06:50:34.074359346Z,6.4,knots
2024-09-10T06:50:36.074385425Z,6.3,knots
2024-09-10T06:50:37.074344272Z,6.4,knots
2024-09-10T06:50:39.074332697Z,6.3,knots
2024-09-10T06:50:40.074445728Z,6.4,knots
2024-09-10T06:50:43.074378288Z,6.5,knots
2024-09-10T06:50:45.074378245Z,6.6,knots
2024-09-10T06:50:46.074363997Z,6.7,knots
2024-09-10T06:50:48.074277833Z,6.8,knots
2024-09-10T06:50:49.074333262Z,7,knots
2024-09-10T06:50:51.074423Z,7.1,knots
2024-09-10T06:50:52.074429912Z,7.2,knots
2024-09-10T06:50:54.074366274Z,7.3,knots
2024-09-10T06:50:56.074373322Z,7.4,knots
2024-09-10T06:50:58.074280850Z,7.5,knots
2024-09-10T06:51:00.074378642Z,7.6,knots
2024-09-10T06:51:01.074342965Z,7.7,knots
2024-09-10T06:51:02.074341799Z,7.6,knots
2024-09-10T06:51:03.074358990Z,7.7,knots
2024-09-10T06:51:04.074362775Z,7.8,knots
2024-09-10T06:51:05.074386951Z,7.7,knots
2024-09-10T06:51:06.074383051Z,7.8,knots
2024-09-10T06:51:07.074387263Z,7.7,knots
2024-09-10T06:51:08.074409516Z,7.8,knots
2024-09-10T06:51:09.074392278Z,7.9,knots
2024-09-10T06:51:10.074397316Z,7.8,knots
2024-09-10T06:51:11.074387112Z,8,knots
2024-09-10T06:51:12.074403452Z,7.9,knots
2024-09-10T06:51:13.074357171Z,8,knots
2024-09-10T06:51:15.074337436Z,7.9,knots
2024-09-10T06:51:16.174438409Z,8,knots
2024-09-10T06:51:17.174486872Z,8.1,knots
2024-09-10T06:51:20.174430847Z,8.2,knots
2024-09-10T06:51:21.174354731Z,8.1,knots
2024-09-10T06:51:22.174391265Z,8.2,knots
2024-09-10T06:51:27.174452949Z,8.3,knots
2024-09-10T06:51:28.174453356Z,8.2,knots
2024-09-10T06:51:29.174467454Z,8.3,knots
2024-09-10T06:51:32.174346900Z,8.4,knots
2024-09-10T06:51:33.174384877Z,8.3,knots
2024-09-10T06:51:34.174296467Z,8.4,knots
2024-09-10T06:51:39.174279224Z,8.5,knots
2024-09-10T06:51:40.174441113Z,8.4,knots
2024-09-10T06:51:41.174278384Z,8.5,knots
2024-09-10T06:51:43.174421443Z,8.4,knots
2024-09-10T06:51:44.174438567Z,8.5,knots
2024-09-10T06:51:46.174481987Z,8.6,knots
2024-09-10T06:51:47.174434279Z,8.5,knots
2024-09-10T06:51:48.174437347Z,8.4,knots
2024-09-10T06:51:49.174444038Z,8.5,knots
2024-09-10T06:51:50.174434207Z,8.4,knots
2024-09-10T06:51:51.174411132Z,8.5,knots
2024-09-10T06:51:52.174292190Z,8.4,knots
2024-09-10T06:51:53.174448247Z,8.5,knots
2024-09-10T06:52:04.174377418Z,8.6,knots
2024-09-10T06:52:05.174447279Z,8.5,knots
2024-09-10T06:52:06.174448216Z,8.6,knots
2024-09-10T06:52:12.174337764Z,8.5,knots
2024-09-10T06:52:13.174295873Z,8.6,knots
2024-09-10T06:52:16.174385679Z,8.7,knots
2024-09-10T06:52:17.174371225Z,8.6,knots
2024-09-10T06:52:20.174428659Z,8.5,knots
2024-09-10T06:52:21.174347004Z,8.7,knots
2024-09-10T06:52:22.174456080Z,8.5,knots
2024-09-10T06:52:23.174434334Z,8.6,knots
2024-09-10T06:52:25.174471955Z,8.5,knots
2024-09-10T06:52:26.174478679Z,8.6,knots
2024-09-10T06:52:32.174356221Z,8.7,knots
2024-09-10T06:52:33.174417594Z,8.6,knots
2024-09-10T06:52:35.174344954Z,8.7,knots
2024-09-10T06:52:36.174402033Z,8.6,knots
2024-09-10T06:52:38.174385038Z,8.7,knots
2024-09-10T06:52:39.174463063Z,8.6,knots
2024-09-10T06:52:40.174423715Z,8.7,knots
2024-09-10T06:52:44.174452676Z,8.6,knots
2024-09-10T06:52:45.174292740Z,8.8,knots
2024-09-10T06:52:46.174340885Z,8.6,knots
2024-09-10T06:52:47.174382267Z,8.7,knots
2024-09-10T06:52:48.174382947Z,8.8,knots
2024-09-10T06:52:49.174324224Z,8.6,knots
2024-09-10T06:52:50.174420993Z,8.8,knots
2024-09-10T06:52:51.174273066Z,8.6,knots
2024-09-10T06:52:52.174261415Z,8.7,knots
2024-09-10T06:53:04.174536560Z,8.8,knots
2024-09-10T06:53:05.174414107Z,8.7,knots
2024-09-10T06:53:06.174514691Z,8.8,knots
2024-09-10T06:53:07.174423218Z,8.7,knots
2024-09-10T06:53:09.174453502Z,8.8,knots
2024-09-10T06:53:10.174422424Z,8.7,knots
2024-09-10T06:53:12.174366005Z,8.8,knots
2024-09-10T06:53:13.174405632Z,8.7,knots
2024-09-10T06:53:19.174274702Z,8.8,knots
2024-09-10T06:53:20.174423443Z,8.7,knots
2024-09-10T06:53:24.174453986Z,8.8,knots
2024-09-10T06:53:27.174346926Z,8.7,knots
2024-09-10T06:53:28.174286213Z,8.8,knots
2024-09-10T06:53:29.174274762Z,8.7,knots
2024-09-10T06:53:31.174457218Z,8.8,knots
2024-09-10T06:53:32.174377498Z,8.7,knots
2024-09-10T06:53:33.174392687Z,8.8,knots
2024-09-10T06:53:34.174465666Z,8.7,knots
2024-09-10T06:53:35.174365674Z,8.8,knots
2024-09-10T06:53:36.174419604Z,8.7,knots
2024-09-10T06:53:41.174439834Z,8.6,knots
2024-09-10T06:53:42.174426350Z,8.7,knots
2024-09-10T06:53:44.174443227Z,8.6,knots
2024-09-10T06:53:45.174457011Z,8.7,knots
2024-09-10T06:53:46.174392273Z,8.6,knots
2024-09-10T06:53:48.174412041Z,8.7,knots
2024-09-10T06:53:51.174404358Z,8.6,knots
2024-09-10T06:53:52.174277927Z,8.7,knots
2024-09-10T06:53:54.174282696Z,8.6,knots
2024-09-10T06:53:56.174359690Z,8.7,knots
2024-09-10T06:53:57.174279193Z,8.6,knots
2024-09-10T06:53:58.174324979Z,8.7,knots
2024-09-10T06:53:59.174521889Z,8.6,knots
2024-09-10T06:54:02.174329533Z,8.7,knots
2024-09-10T06:54:03.174362848Z,8.8,knots
2024-09-10T06:54:04.174338232Z,8.9,knots
2024-09-10T06:54:05.174448957Z,9,knots
2024-09-10T06:54:07.174358536Z,9.1,knots
2024-09-10T06:54:09.174452558Z,9.2,knots
2024-09-10T06:54:11.174458713Z,9.3,knots
2024-09-10T06:54:13.174413907Z,9.4,knots
2024-09-10T06:54:15.174322465Z,9.5,knots
2024-09-10T06:54:17.174451022Z,9.6,knots
2024-09-10T06:54:18.174506544Z,9.5,knots
2024-09-10T06:54:19.174442057Z,9.6,knots
2024-09-10T06:54:21.174458866Z,9.7,knots
2024-09-10T06:54:22.174429723Z,9.6,knots
2024-09-10T06:54:23.174434064Z,9.7,knots
2024-09-10T06:54:24.174418526Z,9.6,knots
2024-09-10T06:54:25.174272526Z,9.7,knots
2024-09-10T06:54:29.174343428Z,9.8,knots
2024-09-10T06:54:30.174411883Z,9.7,knots
2024-09-10T06:54:31.174411202Z,9.8,knots
2024-09-10T06:54:36.174285786Z,9.9,knots
2024-09-10T06:54:37.174334313Z,9.8,knots
2024-09-10T06:54:38.174299420Z,9.9,knots
2024-09-10T06:54:53.174413355Z,10,knots
2024-09-10T06:54:54.174422439Z,9.9,knots
2024-09-10T06:54:55.174464794Z,10,knots
2024-09-10T06:54:56.174413886Z,9.9,knots
2024-09-10T06:54:58.174471131Z,10,knots
2024-09-10T06:55:02.174455228Z,9.9,knots
2024-09-10T06:55:03.174393155Z,10,knots
2024-09-10T06:55:05.174273677Z,9.9,knots
2024-09-10T06:55:06.174272540Z,10,knots
2024-09-10T06:55:07.174306291Z,9.9,knots
2024-09-10T06:55:08.174356836Z,10,knots
2024-09-10T06:55:14.174387823Z,10.1,knots
2024-09-10T06:55:15.174356587Z,10,knots
2024-09-10T06:55:23.174274068Z,9.9,knots
2024-09-10T06:55:24.194926538Z,10.1,knots
2024-09-10T06:55:25.194885426Z,10,knots
2024-09-10T06:55:29.194822629Z,10.1,knots
2024-09-10T06:55:30.194881889Z,10,knots
2024-09-10T06:55:39.194909364Z,10.1,knots
2024-09-10T06:55:40.194937046Z,10,knots
2024-09-10T06:55:42.194884361Z,10.1,knots
2024-09-10T06:55:43.194886783Z,10,knots
2024-09-10T06:55:45.194875024Z,10.1,knots
2024-09-10T06:55:46.194830896Z,10,knots
2024-09-10T06:55:58.194830138Z,10.1,knots
2024-09-10T06:55:59.194927067Z,10,knots
2024-09-10T06:56:01.194870859Z,10.1,knots
2024-09-10T06:56:02.194892810Z,10,knots
2024-09-10T06:56:03.194879558Z,10.1,knots
2024-09-10T06:56:04.194897144Z,10,knots
2024-09-10T06:56:06.194766224Z,10.1,knots
2024-09-10T06:56:07.194895068Z,10,knots
2024-09-10T06:56:09.194891823Z,10.1,knots
2024-09-10T06:56:10.194869717Z,10,knots
2024-09-10T06:56:11.194885197Z,10.1,knots
2024-09-10T06:56:13.194905403Z,10,knots
2024-09-10T06:56:14.194928048Z,10.1,knots
2024-09-10T06:56:15.194904619Z,10,knots
2024-09-10T06:56:16.194881466Z,10.1,knots
2024-09-10T06:56:18.194896861Z,10,knots
2024-09-10T06:56:19.194901084Z,10.1,knots
2024-09-10T06:56:20.194876169Z,10,knots
2024-09-10T06:56:21.194748314Z,10.1,knots
2024-09-10T06:56:23.194777337Z,10,knots
2024-09-10T06:56:26.194782440Z,10.1,knots
2024-09-10T06:56:27.194865083Z,10,knots
2024-09-10T06:56:30.194877188Z,10.1,knots
2024-09-10T06:56:32.194779483Z,10,knots
2024-09-10T06:56:36.194817657Z,10.1,knots
2024-09-10T06:56:37.194839486Z,9.9,knots
2024-09-10T06:56:38.194834308Z,10.1,knots
2024-09-10T06:56:39.194834591Z,10,knots
2024-09-10T06:56:45.194816795Z,9.9,knots
2024-09-10T06:56:46.194795718Z,10,knots
2024-09-10T06:56:51.194899411Z,9.9,knots
2024-09-10T06:56:52.194904745Z,10,knots
2024-09-10T06:57:03.194886260Z,10.1,knots
2024-09-10T06:57:04.194976675Z,10,knots
2024-09-10T06:57:05.194872740Z,10.1,knots
2024-09-10T06:57:09.194877586Z,10,knots
2024-09-10T06:57:10.194877628Z,9.9,knots
2024-09-10T06:57:11.194898391Z,9.6,knots
2024-09-10T06:57:13.194887604Z,9.4,knots
2024-09-10T06:57:15.194875525Z,9.3,knots
2024-09-10T06:57:16.194890021Z,9.1,knots
2024-09-10T06:57:18.194923724Z,8.9,knots
2024-09-10T06:57:20.194885386Z,8.7,knots
2024-09-10T06:57:22.194841008Z,8.6,knots
2024-09-10T06:57:24.194895545Z,8.5,knots
2024-09-10T06:57:25.194835122Z,8.4,knots
2024-09-10T06:57:27.194913074Z,8.3,knots
2024-09-10T06:57:28.194967543Z,8.2,knots
2024-09-10T06:57:29.194888449Z,8.4,knots
2024-09-10T06:57:30.194925065Z,8.3,knots
2024-09-10T06:57:31.194909362Z,8.4,knots
2024-09-10T06:57:32.194905658Z,8.5,knots
2024-09-10T06:57:34.195086550Z,8.6,knots
2024-09-10T06:57:35.194916428Z,8.7,knots
2024-09-10T06:57:36.194865718Z,8.8,knots
2024-09-10T06:57:37.194924845Z,8.9,knots
2024-09-10T06:57:39.194876937Z,9,knots
2024-09-10T06:57:41.194899139Z,9.1,knots
2024-09-10T06:57:43.194888212Z,9.2,knots
2024-09-10T06:57:45.194875260Z,9.3,knots
2024-09-10T06:57:46.194886354Z,9.4,knots
2024-09-10T06:57:49.194863943Z,9.5,knots
2024-09-10T06:57:51.194887164Z,9.6,knots
2024-09-10T06:57:52.194893535Z,9.5,knots
2024-09-10T06:57:53.194887431Z,9.6,knots
2024-09-10T06:57:56.194747441Z,9.7,knots
2024-09-10T06:57:59.194876121Z,9.8,knots
2024-09-10T06:58:01.194888088Z,9.7,knots
2024-09-10T06:58:02.194820201Z,9.8,knots
2024-09-10T06:58:07.194914567Z,9.9,knots
2024-09-10T06:58:08.194892369Z,9.8,knots
2024-09-10T06:58:10.194917067Z,9.9,knots
2024-09-10T06:58:13.194931938Z,9.8,knots
2024-09-10T06:58:14.194895481Z,9.9,knots
2024-09-10T06:58:16.194885836Z,9.8,knots
2024-09-10T06:58:17.194894630Z,10,knots
2024-09-10T06:58:18.194791416Z,9.9,knots
2024-09-10T06:58:21.194830345Z,10,knots
2024-09-10T06:58:24.194893099Z,9.9,knots
2024-09-10T06:58:25.194886773Z,10.1,knots
2024-09-10T06:58:26.194833680Z,10,knots
2024-09-10T06:58:28.194831216Z,10.1,knots
2024-09-10T06:58:29.194819446Z,9.9,knots
2024-09-10T06:58:30.194862470Z,10.1,knots
2024-09-10T06:58:31.194825346Z,9.9,knots
2024-09-10T06:58:32.194811994Z,10,knots
2024-09-10T06:58:36.194890697Z,10.1,knots
2024-09-10T06:58:37.194925753Z,10,knots
2024-09-10T06:58:38.194821121Z,10.1,knots
2024-09-10T06:58:39.194796949Z,10,knots
2024-09-10T06:58:41.194824868Z,10.1,knots
2024-09-10T06:58:42.194927539Z,9.9,knots
2024-09-10T06:58:43.194888813Z,10,knots
2024-09-10T06:58:44.194822067Z,10.1,knots
2024-09-10T06:58:46.194909104Z,10,knots
2024-09-10T06:58:47.194899080Z,10.1,knots
2024-09-10T06:58:48.194895067Z,10,knots
2024-09-10T06:58:49.194909022Z,10.1,knots
2024-09-10T06:58:50.194896592Z,10,knots
2024-09-10T06:58:52.194899545Z,10.1,knots
2024-09-10T06:58:53.194882565Z,9.9,knots
2024-09-10T06:58:54.194894694Z,10.1,knots
2024-09-10T06:58:55.194757574Z,9.9,knots
2024-09-10T06:58:56.194773258Z,10.1,knots
2024-09-10T06:58:57.194919377Z,10,knots
2024-09-10T06:59:00.194882076Z,10.1,knots
2024-09-10T06:59:01.194867334Z,10,knots
2024-09-10T06:59:03.194791535Z,10.1,knots
2024-09-10T06:59:04.194931526Z,10,knots
2024-09-10T06:59:05.194919987Z,10.1,knots
2024-09-10T06:59:06.194811720Z,10,knots
2024-09-10T06:59:07.194811496Z,10.1,knots
2024-09-10T06:59:08.194884833Z,10,knots
2024-09-10T06:59:10.194853720Z,10.1,knots
2024-09-10T06:59:11.194883904Z,9.9,knots
2024-09-10T06:59:12.194896337Z,10.1,knots
2024-09-10T06:59:13.194831301Z,10,knots
2024-09-10T06:59:14.194822573Z,10.1,knots
2024-09-10T06:59:15.194815254Z,10,knots
2024-09-10T06:59:20.194876927Z,10.1,knots
2024-09-10T06:59:21.194795646Z,10,knots
2024-09-10T06:59:32.194800793Z,9.9,knots
2024-09-10T06:59:33.194747995Z,10,knots
2024-09-10T06:59:34.194891116Z,9.9,knots
2024-09-10T06:59:35.194833279Z,10,knots
2024-09-10T06:59:36.194837530Z,9.9,knots
2024-09-10T06:59:37.194758854Z,10.1,knots
2024-09-10T06:59:38.194886633Z,9.9,knots
2024-09-10T06:59:39.194783284Z,10,knots
2024-09-10T06:59:42.194895426Z,9.9,knots
2024-09-10T06:59:43.194831398Z,10,knots
2024-09-10T06:59:47.194921499Z,9.9,knots
2024-09-10T06:59:48.194892312Z,10,knots
2024-09-10T06:59:49.194822961Z,9.9,knots
2024-09-10T06:59:50.194857146Z,10.1,knots
2024-09-10T06:59:52.194880385Z,10,knots
2024-09-10T06:59:56.194847932Z,9.9,knots
2024-09-10T06:59:57.194836032Z,10.1,knots
2024-09-10T06:59:58.194830711Z,9.9,knots
2024-09-10T06:59:59.194749852Z,10,knots
2024-09-10T07:00:03.194902486Z,9.9,knots
2024-09-10T07:00:04.194886541Z,10,knots
2024-09-10T07:00:05.194976574Z,9.9,knots
2024-09-10T07:00:06.194982897Z,10.1,knots
2024-09-10T07:00:07.194966693Z,9.9,knots
2024-09-10T07:00:08.194986096Z,10,knots
2024-09-10T07:00:09.194911667Z,9.9,knots
2024-09-10T07:00:10.194835117Z,10,knots
2024-09-10T07:00:11.194866311Z,9.9,knots
2024-09-10T07:00:13.194889318Z,10,knots
2024-09-10T07:00:15.194817564Z,9.9,knots
2024-09-10T07:00:16.194875909Z,10,knots
2024-09-10T07:00:17.194922819Z,9.9,knots
2024-09-10T07:00:18.194922835Z,10,knots
2024-09-10T07:00:19.194894875Z,9.9,knots
2024-09-10T07:00:20.194883565Z,10,knots
2024-09-10T07:00:22.194925100Z,9.9,knots
2024-09-10T07:00:23.194886870Z,10.1,knots
2024-09-10T07:00:24.194777551Z,9.9,knots
2024-09-10T07:00:25.194829786Z,10,knots
2024-09-10T07:00:26.194781684Z,9.9,knots
2024-09-10T07:00:28.194894622Z,10,knots
2024-09-10T07:00:29.194909312Z,9.9,knots
2024-09-10T07:00:30.194858395Z,10,knots
2024-09-10T07:00:35.194816510Z,9.9,knots
2024-09-10T07:00:36.194889518Z,10,knots
2024-09-10T07:00:38.194874313Z,9.9,knots
2024-09-10T07:00:40.194858299Z,10,knots
2024-09-10T07:00:41.194879505Z,9.9,knots
2024-09-10T07:00:43.194900939Z,10,knots
2024-09-10T07:00:44.194888307Z,9.9,knots
2024-09-10T07:00:46.194899277Z,10,knots
2024-09-10T07:00:47.194931176Z,9.9,knots
2024-09-10T07:00:49.194847970Z,10.1,knots
2024-09-10T07:00:50.194884951Z,10,knots
2024-09-10T07:00:54.194895609Z,10.2,knots
2024-09-10T07:00:55.194890283Z,10.1,knots
2024-09-10T07:00:56.194837785Z,10.2,knots
2024-09-10T07:00:58.194876552Z,10.3,knots
2024-09-10T07:00:59.194901915Z,10.2,knots
2024-09-10T07:01:01.194887664Z,10.4,knots
2024-09-10T07:01:02.194769122Z,10.2,knots
2024-09-10T07:01:03.194788595Z,10.4,knots
2024-09-10T07:01:05.194875008Z,10.3,knots
2024-09-10T07:01:06.194816723Z,10.4,knots
2024-09-10T07:01:08.194876076Z,10.3,knots
2024-09-10T07:01:09.194867950Z,10.5,knots
2024-09-10T07:01:10.194850538Z,10.3,knots
2024-09-10T07:01:11.194979457Z,10.5,knots
2024-09-10T07:01:12.194858037Z,10.4,knots
2024-09-10T07:01:13.194796250Z,10.5,knots
2024-09-10T07:01:14.194787657Z,10.4,knots
2024-09-10T07:01:15.194888609Z,10.5,knots
2024-09-10T07:01:20.194891096Z,10.4,knots
2024-09-10T07:01:21.194949018Z,10.6,knots
2024-09-10T07:01:22.194876928Z,10.5,knots
2024-09-10T07:01:25.194974535Z,10.6,knots
2024-09-10T07:01:28.194803332Z,10.5,knots
2024-09-10T07:01:29.194803502Z,10.7,knots
2024-09-10T07:01:30.194854007Z,10.5,knots
2024-09-10T07:01:31.194897902Z,10.6,knots
2024-09-10T07:01:33.194894674Z,10.5,knots
2024-09-10T07:01:34.194894027Z,10.6,knots
2024-09-10T07:01:43.194894969Z,10.7,knots
2024-09-10T07:01:44.194841396Z,10.6,knots
2024-09-10T07:01:46.194830766Z,10.5,knots
2024-09-10T07:01:47.194819984Z,10.7,knots
2024-09-10T07:01:48.194889387Z,10.6,knots
2024-09-10T07:01:49.194814104Z,10.5,knots
2024-09-10T07:01:50.194861923Z,10.6,knots
2024-09-10T07:01:54.194801053Z,10.5,knots
2024-09-10T07:01:55.194816755Z,10.7,knots
2024-09-10T07:01:56.194816937Z,10.5,knots
2024-09-10T07:01:57.194867236Z,10.7,knots
2024-09-10T07:01:59.194871083Z,10.5,knots
2024-09-10T07:02:00.194926027Z,10.7,knots
2024-09-10T07:02:01.194861790Z,10.6,knots
2024-09-10T07:02:02.194869707Z,10.7,knots
2024-09-10T07:02:03.194928308Z,10.6,knots
2024-09-10T07:02:04.194902983Z,10.7,knots
2024-09-10T07:02:05.194837395Z,10.6,knots
2024-09-10T07:02:07.194874457Z,10.7,knots
2024-09-10T07:02:08.194796457Z,10.6,knots
2024-09-10T07:02:10.194857252Z,10.7,knots
2024-09-10T07:02:11.194782392Z,10.6,knots
2024-09-10T07:02:14.194843603Z,10.7,knots
2024-09-10T07:02:15.194825763Z,10.6,knots
2024-09-10T07:02:17.194873348Z,10.7,knots
2024-09-10T07:02:20.195011463Z,10.6,knots
2024-09-10T07:02:22.194885895Z,10.7,knots
2024-09-10T07:02:23.194797364Z,10.6,knots
2024-09-10T07:02:24.194787905Z,10.7,knots
2024-09-10T07:02:26.194773757Z,10.6,knots
2024-09-10T07:02:27.194873657Z,10.7,knots
2024-09-10T07:02:28.194747800Z,10.6,knots
2024-09-10T07:02:30.194855643Z,10.7,knots
2024-09-10T07:02:31.194796770Z,10.6,knots
2024-09-10T07:02:32.194874572Z,10.7,knots
2024-09-10T07:02:34.194821395Z,10.6,knots
2024-09-10T07:02:35.194733422Z,10.7,knots
2024-09-10T07:02:36.194872873Z,10.6,knots
2024-09-10T07:02:37.194862104Z,10.7,knots
2024-09-10T07:02:38.194868278Z,10.6,knots
2024-09-10T07:02:39.194947306Z,10.7,knots
2024-09-10T07:02:41.194866723Z,10.6,knots
2024-09-10T07:02:42.194867011Z,10.7,knots
2024-09-10T07:02:43.194876915Z,10.6,knots
2024-09-10T07:02:44.194854595Z,10.7,knots
2024-09-10T07:02:45.194801672Z,10.6,knots
2024-09-10T07:02:47.194873787Z,10.7,knots
2024-09-10T07:02:48.194799669Z,10.6,knots
2024-09-10T07:02:50.194856793Z,10.7,knots
2024-09-10T07:02:52.194905475Z,10.6,knots
2024-09-10T07:02:53.194904777Z,10.7,knots
2024-09-10T07:03:03.294843706Z,10.8,knots
2024-09-10T07:03:06.294918875Z,10.7,knots
2024-09-10T07:03:08.294918178Z,10.8,knots
2024-09-10T07:03:10.294844075Z,10.9,knots
2024-09-10T07:03:13.294892770Z,10.8,knots
2024-09-10T07:03:16.294900760Z,10.9,knots
2024-09-10T07:03:27.294925277Z,11,knots
2024-09-10T07:03:30.294962530Z,10.9,knots
2024-09-10T07:03:33.294925192Z,11,knots
2024-09-10T07:03:38.294857441Z,10.9,knots
2024-09-10T07:03:41.294921384Z,11,knots
2024-09-10T07:03:43.294857350Z,10.9,knots
2024-09-10T07:03:45.294921630Z,11,knots
2024-09-10T07:03:51.294919902Z,10.9,knots
2024-09-10T07:03:52.294921751Z,11,knots
2024-09-10T07:03:59.294904562Z,11.1,knots
2024-09-10T07:04:01.294780847Z,11,knots
2024-09-10T07:04:05.294923166Z,11.1,knots
2024-09-10T07:04:06.294920553Z,11.2,knots
2024-09-10T07:04:08.294920661Z,11.1,knots
2024-09-10T07:04:09.294921125Z,11,knots
2024-09-10T07:04:13.294920991Z,11.1,knots
2024-09-10T07:04:16.294920714Z,11,knots
2024-09-10T07:04:18.294921102Z,11.1,knots
2024-09-10T07:04:23.294921796Z,11,knots
2024-09-10T07:04:26.294919219Z,11.1,knots
2024-09-10T07:04:27.294856951Z,11,knots
2024-09-10T07:04:29.294819088Z,11.1,knots
2024-09-10T07:04:32.294904317Z,11.2,knots
2024-09-10T07:04:34.294902499Z,11.1,knots
2024-09-10T07:04:38.294984880Z,11.2,knots
2024-09-10T07:04:41.294920712Z,11.1,knots
2024-09-10T07:04:42.294922284Z,11,knots
2024-09-10T07:04:44.294884763Z,11.1,knots
2024-09-10T07:04:48.294921032Z,11,knots
2024-09-10T07:04:52.294920824Z,11.1,knots
2024-09-10T07:04:55.294923581Z,11,knots
2024-09-10T07:04:56.294920988Z,11.1,knots
2024-09-10T07:04:57.294920857Z,11,knots
2024-09-10T07:05:00.294922260Z,11.1,knots
2024-09-10T07:05:14.294914283Z,11,knots
2024-09-10T07:05:16.294886919Z,11.1,knots
2024-09-10T07:05:17.294883135Z,11,knots
2024-09-10T07:05:18.294921574Z,11.1,knots
2024-09-10T07:05:21.294921473Z,11,knots
2024-09-10T07:05:25.294923095Z,11.1,knots
2024-09-10T07:05:29.294918075Z,11,knots
2024-09-10T07:05:32.294922154Z,11.1,knots
2024-09-10T07:05:36.294920616Z,11,knots
2024-09-10T07:05:37.294920415Z,11.1,knots
2024-09-10T07:05:38.294920158Z,11,knots
2024-09-10T07:05:39.294850191Z,11.1,knots
2024-09-10T07:05:45.294798636Z,11,knots
2024-09-10T07:05:47.294925136Z,10.9,knots
2024-09-10T07:05:48.294908354Z,10.8,knots
2024-09-10T07:05:49.294907187Z,10.7,knots
2024-09-10T07:05:51.294888176Z,10.6,knots
2024-09-10T07:05:52.294912039Z,10.5,knots
2024-09-10T07:05:53.294914954Z,10.4,knots
2024-09-10T07:05:54.295211931Z,10.3,knots
2024-09-10T07:05:55.294905209Z,10.1,knots
2024-09-10T07:05:56.294932143Z,10,knots
2024-09-10T07:05:57.294926693Z,9.9,knots
2024-09-10T07:05:58.294923771Z,9.8,knots
2024-09-10T07:06:00.294882825Z,9.7,knots
2024-09-10T07:06:01.294921521Z,9.6,knots
2024-09-10T07:06:03.294866155Z,9.5,knots
2024-09-10T07:06:09.294923285Z,9.4,knots
2024-09-10T07:06:10.294858196Z,9.3,knots
2024-09-10T07:06:15.294920385Z,9.4,knots
2024-09-10T07:06:27.294900959Z,9.5,knots
2024-09-10T07:06:31.294922483Z,9.4,knots
2024-09-10T07:06:32.294909648Z,9.3,knots
2024-09-10T07:06:33.294902781Z,9.1,knots
2024-09-10T07:06:34.294920140Z,9,knots
2024-09-10T07:06:35.294923462Z,8.9,knots
2024-09-10T07:06:37.294918869Z,8.7,knots
2024-09-10T07:06:38.294919699Z,8.5,knots
2024-09-10T07:06:39.294921209Z,8.4,knots
2024-09-10T07:06:40.294801533Z,8.3,knots
2024-09-10T07:06:41.294920483Z,8.2,knots
2024-09-10T07:06:42.294922159Z,8.1,knots
2024-09-10T07:06:43.294922895Z,8,knots
2024-09-10T07:06:44.294922297Z,7.9,knots
2024-09-10T07:06:45.294925278Z,7.8,knots
2024-09-10T07:06:47.294920938Z,7.7,knots
2024-09-10T07:06:48.294858563Z,7.6,knots
2024-09-10T07:06:49.294926597Z,7.5,knots
2024-09-10T07:06:50.294965276Z,7.4,knots
2024-09-10T07:06:52.294775286Z,7.3,knots
2024-09-10T07:06:54.294926067Z,7.2,knots
2024-09-10T07:06:55.294769793Z,7.1,knots
2024-09-10T07:06:56.294926500Z,7,knots
2024-09-10T07:06:58.294769608Z,6.9,knots
2024-09-10T07:07:00.294806512Z,6.8,knots
2024-09-10T07:07:01.294887055Z,6.7,knots
2024-09-10T07:07:03.294795889Z,6.6,knots
2024-09-10T07:07:06.294890643Z,6.5,knots
2024-09-10T07:07:07.294912189Z,6.4,knots
2024-09-10T07:07:11.294919388Z,6.3,knots
2024-09-10T07:07:14.294920295Z,6.2,knots
2024-09-10T07:07:18.294909847Z,6.1,knots
2024-09-10T07:07:20.294922470Z,6,knots
2024-09-10T07:07:25.294922485Z,5.9,knots
2024-09-10T07:07:31.294928306Z,5.8,knots
2024-09-10T07:07:33.248669343Z,5.7,knots
2024-09-10T07:07:34.248573604Z,5.8,knots
2024-09-10T07:07:36.248725930Z,5.7,knots
2024-09-10T07:07:43.248701399Z,5.6,knots
2024-09-10T07:07:52.248672407Z,5.5,knots
2024-09-10T07:07:54.248725522Z,5.6,knots
2024-09-10T07:07:55.248617390Z,5.5,knots
2024-09-10T07:07:56.248722883Z,5.6,knots
2024-09-10T07:07:57.248724272Z,5.5,knots
2024-09-10T07:08:00.248621720Z,5.4,knots
2024-09-10T07:08:02.248624626Z,5.3,knots
2024-09-10T07:08:03.256033467Z,5.2,knots
2024-09-10T07:08:05.256087059Z,5.1,knots
2024-09-10T07:08:06.256050094Z,5,knots
2024-09-10T07:08:07.256130730Z,4.9,knots
2024-09-10T07:08:09.256129637Z,4.8,knots
2024-09-10T07:08:10.256124255Z,4.7,knots
2024-09-10T07:08:12.256144937Z,4.6,knots
2024-09-10T07:08:13.256130175Z,4.5,knots
2024-09-10T07:08:15.256130129Z,4.4,knots
2024-09-10T07:08:24.256218269Z,4.5,knots
2024-09-10T07:08:28.256121344Z,4.6,knots
2024-09-10T07:08:33.256141112Z,4.7,knots
2024-09-10T07:08:35.256084742Z,4.8,knots
2024-09-10T07:08:40.256039423Z,4.9,knots
2024-09-10T07:08:44.256150581Z,5,knots
2024-09-10T07:08:50.256185482Z,5.1,knots
2024-09-10T07:08:55.256131361Z,5.2,knots
2024-09-10T07:09:02.356198984Z,5.3,knots
2024-09-10T07:09:04.356185411Z,5.2,knots
2024-09-10T07:09:05.356171878Z,5.3,knots
2024-09-10T07:09:09.356173943Z,5.4,knots
2024-09-10T07:09:13.356176185Z,5.5,knots
2024-09-10T07:09:17.356192258Z,5.6,knots
2024-09-10T07:09:21.356132626Z,5.7,knots
2024-09-10T07:09:27.356177327Z,5.8,knots
2024-09-10T07:09:33.356178739Z,5.9,knots
2024-09-10T07:09:41.356161212Z,6,knots
2024-09-10T07:09:50.356058093Z,6.1,knots
2024-09-10T07:09:57.356175075Z,6.2,knots
2024-09-10T07:09:59.356176298Z,6.1,knots
2024-09-10T07:10:00.356197545Z,6.2,knots
2024-09-10T07:10:09.356173487Z,6.3,knots
2024-09-10T07:10:31.356117642Z,6.4,knots
2024-09-10T07:11:07.356111154Z,6.5,knots
2024-09-10T07:11:09.356174873Z,6.4,knots
2024-09-10T07:11:10.356020629Z,6.5,knots
2024-09-10T07:11:36.356206743Z,6.4,knots
2024-09-10T07:11:37.356165168Z,6.5,knots
2024-09-10T07:11:57.356173765Z,6.4,knots
2024-09-10T07:11:58.356178420Z,6.5,knots
2024-09-10T07:12:58.073570691Z,6.5,knots
2024-09-10T07:13:11.373550803Z,6.4,knots
2024-09-10T07:13:12.373525212Z,6.5,knots
2024-09-10T07:13:14.373526605Z,6.4,knots
2024-09-10T07:13:15.373563848Z,6.5,knots
2024-09-10T07:13:17.373563521Z,6.4,knots
2024-09-10T07:13:20.373461030Z,6.5,knots
2024-09-10T07:13:22.373527446Z,6.4,knots
2024-09-10T07:13:24.373524087Z,6.5,knots
2024-09-10T07:13:25.373564321Z,6.4,knots
2024-09-10T07:13:29.373595606Z,6.5,knots
2024-09-10T07:13:30.373553734Z,6.4,knots
2024-09-10T07:13:33.373554344Z,6.5,knots
2024-09-10T07:13:34.373555972Z,6.4,knots
2024-09-10T07:13:35.373550878Z,6.5,knots
2024-09-10T07:13:37.373476069Z,6.4,knots
2024-09-10T07:13:38.373528242Z,6.5,knots
2024-09-10T07:13:41.373530058Z,6.4,knots
2024-09-10T07:13:42.373469139Z,6.5,knots
2024-09-10T07:13:44.373527259Z,6.4,knots
2024-09-10T07:13:45.373565887Z,6.5,knots
2024-09-10T07:13:48.373474141Z,6.4,knots
2024-09-10T07:13:49.373570429Z,6.5,knots
2024-09-10T07:14:02.373462837Z,6.4,knots
2024-09-10T07:14:03.373482706Z,6.5,knots
2024-09-10T07:14:06.373562178Z,6.4,knots
2024-09-10T07:14:07.373530435Z,6.5,knots
2024-09-10T07:14:57.373528225Z,6.4,knots
2024-09-10T07:14:58.373528236Z,6.5,knots
2024-09-10T07:15:00.373435141Z,6.4,knots
2024-09-10T07:15:01.373440060Z,6.5,knots
2024-09-10T07:15:02.373433788Z,6.4,knots
2024-09-10T07:15:05.373499850Z,6.5,knots
2024-09-10T07:15:06.373563743Z,6.4,knots
2024-09-10T07:15:36.373397097Z,6.3,knots
2024-09-10T07:15:37.373568213Z,6.4,knots
2024-09-10T07:15:41.373417438Z,6.3,knots
2024-09-10T07:15:42.373407746Z,6.4,knots
2024-09-10T07:15:43.373563641Z,6.3,knots
2024-09-10T07:15:46.373412360Z,6.4,knots
2024-09-10T07:15:48.373567794Z,6.3,knots
2024-09-10T07:16:03.373584339Z,6.2,knots
2024-09-10T07:16:04.373568717Z,6.3,knots
2024-09-10T07:16:10.373680705Z,6.2,knots
2024-09-10T07:16:12.373456411Z,6.3,knots
2024-09-10T07:16:14.373408328Z,6.2,knots
2024-09-10T07:16:20.373566962Z,6.3,knots
2024-09-10T07:16:22.373464474Z,6.2,knots
2024-09-10T07:16:28.373527856Z,6.3,knots
2024-09-10T07:16:29.373562292Z,6.2,knots
2024-09-10T07:16:33.373536465Z,6.3,knots
2024-09-10T07:16:34.373531336Z,6.2,knots
2024-09-10T07:16:36.373530249Z,6.3,knots
2024-09-10T07:16:37.373530346Z,6.2,knots
2024-09-10T07:16:40.373559953Z,6.3,knots
2024-09-10T07:16:41.373549592Z,6.2,knots
2024-09-10T07:16:48.373490745Z,6.3,knots
2024-09-10T07:16:49.373465943Z,6.2,knots
2024-09-10T07:17:37.373411883Z,6.3,knots
2024-09-10T07:17:38.373564158Z,6.2,knots
2024-09-10T07:17:44.373530075Z,6.3,knots
2024-09-10T07:17:46.373527954Z,6.2,knots
2024-09-10T07:17:48.373473209Z,6.3,knots
2024-09-10T07:17:49.373530165Z,6.2,knots
2024-09-10T07:17:51.373529796Z,6.3,knots
2024-09-10T07:17:53.373525856Z,6.2,knots
2024-09-10T07:17:56.373528732Z,6.3,knots
2024-09-10T07:17:57.373527538Z,6.2,knots
2024-09-10T07:18:00.373534410Z,6.3,knots
2024-09-10T07:18:01.373537802Z,6.2,knots
2024-09-10T07:18:04.373543196Z,6.3,knots
2024-09-10T07:18:05.373498920Z,6.2,knots
2024-09-10T07:18:12.373524603Z,6.3,knots
2024-09-10T07:18:13.373564108Z,6.2,knots
2024-09-10T07:18:17.373530720Z,6.3,knots
2024-09-10T07:18:18.373526106Z,6.2,knots
2024-09-10T07:18:19.373525636Z,6.3,knots
2024-09-10T07:18:23.373525594Z,6.2,knots
2024-09-10T07:18:24.373527445Z,6.3,knots
2024-09-10T07:18:36.373535828Z,6.2,knots
2024-09-10T07:18:37.373618734Z,6.3,knots
2024-09-10T07:18:44.373579592Z,6.2,knots
2024-09-10T07:18:45.373415343Z,6.3,knots
2024-09-10T07:18:47.373527594Z,6.2,knots
2024-09-10T07:18:48.373527674Z,6.3,knots
2024-09-10T07:18:51.373500481Z,6.2,knots
2024-09-10T07:18:52.373471135Z,6.3,knots
2024-09-10T07:18:59.373524752Z,6.2,knots
2024-09-10T07:19:00.373527178Z,6.3,knots
2024-09-10T07:19:40.373585163Z,6.2,knots
2024-09-10T07:19:41.373531924Z,6.3,knots
2024-09-10T07:19:42.373529184Z,6.2,knots
2024-09-10T07:19:53.373540820Z,6.1,knots
2024-09-10T07:19:56.373525217Z,6,knots
2024-09-10T07:19:57.373512339Z,5.9,knots
2024-09-10T07:19:58.373522099Z,5.8,knots
2024-09-10T07:19:59.373549238Z,5.7,knots
2024-09-10T07:20:01.373435926Z,5.6,knots
2024-09-10T07:20:02.373507703Z,5.5,knots
2024-09-10T07:20:03.373413563Z,5.4,knots
2024-09-10T07:20:06.373561882Z,5.3,knots
2024-09-10T07:20:07.373523798Z,5.2,knots
2024-09-10T07:20:08.373562553Z,5.1,knots
2024-09-10T07:20:10.373471271Z,5,knots
2024-09-10T07:20:11.373556388Z,4.9,knots
2024-09-10T07:20:13.373526163Z,4.8,knots
2024-09-10T07:20:15.373464383Z,4.7,knots
2024-09-10T07:20:17.373526965Z,4.6,knots
2024-09-10T07:20:19.373527440Z,4.5,knots
2024-09-10T07:20:20.373477383Z,4.4,knots
2024-09-10T07:20:22.373525895Z,4.3,knots
2024-09-10T07:20:24.373525164Z,4.2,knots
2024-09-10T07:20:26.373525358Z,4.1,knots
2024-09-10T07:20:29.373525678Z,4,knots
2024-09-10T07:20:31.373542892Z,3.9,knots
2024-09-10T07:20:34.373512851Z,3.8,knots
2024-09-10T07:20:36.373536727Z,3.7,knots
2024-09-10T07:20:39.373506276Z,3.6,knots
2024-09-10T07:20:42.373532299Z,3.5,knots
2024-09-10T07:20:45.373475916Z,3.4,knots
2024-09-10T07:20:48.373527040Z,3.3,knots
2024-09-10T07:20:52.373393151Z,3.2,knots
2024-09-10T07:20:54.373527913Z,3.1,knots
2024-09-10T07:20:57.373528246Z,3,knots
2024-09-10T07:20:59.373531531Z,2.9,knots
2024-09-10T07:21:03.373470377Z,2.8,knots
2024-09-10T07:21:05.373530991Z,2.7,knots
2024-09-10T07:21:07.373528146Z,2.6,knots
2024-09-10T07:21:08.373471552Z,2.5,knots
2024-09-10T07:21:10.373509655Z,2.4,knots
2024-09-10T07:21:12.373618428Z,2.3,knots
2024-09-10T07:21:13.373508697Z,2.2,knots
2024-09-10T07:21:14.373574933Z,2.1,knots
2024-09-10T07:21:17.373568173Z,2,knots
2024-09-10T07:21:20.373531163Z,1.9,knots
2024-09-10T07:21:22.373391135Z,1.8,knots
2024-09-10T07:21:24.373474347Z,1.7,knots
2024-09-10T07:21:26.373532012Z,1.6,knots
2024-09-10T07:21:27.373528264Z,1.5,knots
2024-09-10T07:21:28.373528997Z,1.4,knots
2024-09-10T07:21:29.373529405Z,1.3,knots
2024-09-10T07:21:30.373390314Z,1.1,knots
2024-09-10T07:21:31.373473394Z,1,knots
2024-09-10T07:21:32.373527885Z,0.9,knots
2024-09-10T07:21:33.373527546Z,0.8,knots
2024-09-10T07:21:34.373528763Z,0.7,knots
2024-09-10T07:21:35.373529215Z,0.6,knots
2024-09-10T07:21:36.373438483Z,0.4,knots
2024-09-10T07:21:38.373518217Z,0.3,knots
2024-09-10T07:21:39.373525651Z,0.2,knots
2024-09-10T07:21:40.373524950Z,0.1,knots
2024-09-10T07:21:41.373514669Z,0,knots
2024-09-10T07:21:42.373562079Z,0.1,knots
2024-09-10T07:21:43.373528605Z,0.2,knots
2024-09-10T07:21:44.373528605Z,0.1,knots
2024-09-10T07:21:47.373531417Z,0.2,knots
2024-09-10T07:21:48.373518659Z,0.1,knots
2024-09-10T07:21:52.373527793Z,0.2,knots
2024-09-10T07:21:54.373610944Z,0.1,knots
2024-09-10T07:21:56.373459086Z,0.2,knots
2024-09-10T07:22:00.373390057Z,0.1,knots
2024-09-10T07:22:01.373528264Z,0.2,knots
2024-09-10T07:22:02.373410155Z,0.1,knots
2024-09-10T07:22:05.373534037Z,0,knots
2024-09-10T07:22:09.373526416Z,0.1,knots
2024-09-10T07:22:14.373532636Z,0.2,knots
2024-09-10T07:22:16.373474042Z,0.1,knots
2024-09-10T07:22:17.373528088Z,0.2,knots
2024-09-10T07:22:20.373530280Z,0.1,knots
2024-09-10T07:22:25.373527785Z,0,knots
2024-09-10T07:22:31.373519256Z,0.1,knots
2024-09-10T07:22:32.373498768Z,0,knots
2024-09-10T07:22:33.373538547Z,0.1,knots
2024-09-10T07:22:52.376407064Z,0,knots
2024-09-10T07:22:53.376400617Z,0.1,knots
2024-09-10T07:22:54.376407435Z,0,knots
2024-09-10T07:22:56.376415120Z,0.1,knots
2024-09-10T07:22:57.476428402Z,0,knots
2024-09-10T07:23:00.476470771Z,0.1,knots
2024-09-10T07:23:02.476306556Z,0,knots
2024-09-10T07:23:11.476424388Z,0.1,knots
2024-09-10T07:23:15.476448442Z,0,knots
2024-09-10T07:23:17.476441022Z,0.1,knots
2024-09-10T07:23:18.476440130Z,0,knots
2024-09-10T07:23:26.476441227Z,0.1,knots
2024-09-10T07:23:28.476442512Z,0,knots
2024-09-10T07:23:30.476466083Z,0.1,knots
2024-09-10T07:23:31.476447001Z,0,knots
2024-09-10T07:23:45.476477767Z,0.1,knots
2024-09-10T07:23:46.476479535Z,0,knots
2024-09-10T07:23:47.476431163Z,0.1,knots
2024-09-10T07:23:48.476503424Z,0,knots
2024-09-10T07:23:49.476524539Z,0.1,knots
2024-09-10T07:23:50.476441799Z,0,knots
2024-09-10T07:23:52.476442291Z,0.1,knots
2024-09-10T07:23:53.476440668Z,0,knots
2024-09-10T07:24:03.476318956Z,0.1,knots
2024-09-10T07:24:04.476436244Z,0,knots
2024-09-10T07:24:06.476380680Z,0.1,knots
2024-09-10T07:24:07.476343609Z,0,knots
2024-09-10T07:24:21.476420775Z,0.1,knots
2024-09-10T07:24:22.476424310Z,0,knots
2024-09-10T07:24:24.476507908Z,0.1,knots
2024-09-10T07:24:28.476475091Z,0,knots
2024-09-10T07:24:30.476468542Z,0.1,knots
2024-09-10T07:24:32.476443159Z,0,knots
2024-09-10T07:24:34.476441775Z,0.1,knots
2024-09-10T07:24:36.476442817Z,0,knots
2024-09-10T07:24:37.476442411Z,0.1,knots
2024-09-10T07:24:39.476383251Z,0,knots
2024-09-10T07:24:41.476444940Z,0.1,knots
2024-09-10T07:24:42.476442461Z,0,knots
2024-09-10T07:24:44.476437203Z,0.1,knots
2024-09-10T07:24:45.476423650Z,0,knots
2024-09-10T07:24:46.476380081Z,0.1,knots
2024-09-10T07:24:47.476380Z,0,knots
2024-09-10T07:24:55.476351132Z,0.1,knots
2024-09-10T07:24:56.476293634Z,0,knots
2024-09-10T07:24:57.476443258Z,0.1,knots
2024-09-10T07:25:00.476437101Z,0,knots
2024-09-10T07:25:01.476436729Z,0.1,knots
2024-09-10T07:25:03.476569342Z,0,knots
2024-09-10T07:25:04.476424926Z,0.1,knots
2024-09-10T07:25:06.476420075Z,0,knots
2024-09-10T07:25:14.476446326Z,0.1,knots
2024-09-10T07:25:15.476354037Z,0,knots
2024-09-10T07:25:21.476292360Z,0.1,knots
2024-09-10T07:25:23.476441291Z,0,knots
2024-09-10T07:25:25.476349564Z,0.1,knots
2024-09-10T07:25:28.476440843Z,0,knots
2024-09-10T07:25:29.476296309Z,0.1,knots
2024-09-10T07:25:32.476294668Z,0,knots
2024-09-10T07:25:36.476441948Z,0.1,knots
2024-09-10T07:25:37.476441430Z,0,knots
2024-09-10T07:25:40.476443581Z,0.1,knots
2024-09-10T07:25:53.476444064Z,0,knots
2024-09-10T07:26:15.476421190Z,0.1,knots
2024-09-10T07:26:16.476414569Z,0,knots
2024-09-10T07:26:18.476587971Z,0.1,knots
2024-09-10T07:26:19.476429906Z,0,knots
2024-09-10T07:26:41.476444642Z,0.1,knots
2024-09-10T07:26:42.476443149Z,0,knots
2024-09-10T07:26:51.476443642Z,0.1,knots
2024-09-10T07:26:52.476426973Z,0,knots
2024-09-10T07:26:58.476423721Z,0.1,knots
2024-09-10T07:26:59.476535997Z,0,knots
2024-09-10T07:27:01.476587920Z,0.1,knots
2024-09-10T07:27:03.476387761Z,0,knots
2024-09-10T07:27:04.476439840Z,0.1,knots
2024-09-10T07:27:06.476380833Z,0,knots
2024-09-10T07:27:14.476348376Z,0.1,knots
2024-09-10T07:27:15.476327886Z,0,knots
2024-09-10T07:27:17.476428587Z,0.1,knots
2024-09-10T07:27:18.476441319Z,0,knots
2024-09-10T07:27:19.476439443Z,0.1,knots
2024-09-10T07:27:21.476381367Z,0,knots
2024-09-10T07:27:23.476426536Z,0.1,knots
2024-09-10T07:27:25.476450429Z,0,knots
2024-09-10T07:27:32.476441288Z,0.1,knots
2024-09-10T07:27:33.476437509Z,0,knots
2024-09-10T07:27:35.476417236Z,0.1,knots
2024-09-10T07:27:36.476440252Z,0,knots
2024-09-10T07:27:37.476431853Z,0.1,knots
2024-09-10T07:27:39.476418167Z,0,knots
2024-09-10T07:27:48.476399754Z,0.1,knots
2024-09-10T07:27:49.476399841Z,0,knots
2024-09-10T07:27:51.476375834Z,0.1,knots
2024-09-10T07:27:53.476437466Z,0,knots
2024-09-10T07:27:54.476436743Z,0.1,knots
2024-09-10T07:27:55.476449047Z,0,knots
2024-09-10T07:28:00.476452412Z,0.1,knots
2024-09-10T07:28:09.476416259Z,0,knots
2024-09-10T07:28:19.476610687Z,0.1,knots
2024-09-10T07:28:21.476276036Z,0,knots
2024-09-10T07:28:22.476379982Z,0.1,knots
2024-09-10T07:28:25.476387804Z,0,knots
2024-09-10T07:28:26.476317920Z,0.1,knots
2024-09-10T07:28:29.476405356Z,0,knots
2024-09-10T07:28:31.476418371Z,0.1,knots
2024-09-10T07:28:32.476441742Z,0,knots
2024-09-10T07:28:37.476434382Z,0.1,knots
2024-09-10T07:28:38.476417035Z,0,knots
2024-09-10T07:28:46.476414218Z,0.1,knots
2024-09-10T07:28:47.476439531Z,0,knots
2024-09-10T07:28:56.476430996Z,0.1,knots
2024-09-10T07:28:57.476435217Z,0,knots
2024-09-10T07:28:59.476439753Z,0.1,knots
2024-09-10T07:29:00.476421800Z,0,knots
2024-09-10T07:29:02.476393230Z,0.1,knots
2024-09-10T07:29:03.476371528Z,0,knots
2024-09-10T07:29:13.476419341Z,0.1,knots
2024-09-10T07:29:14.476437142Z,0,knots
2024-09-10T07:29:16.476424888Z,0.1,knots
2024-09-10T07:29:24.476401627Z,0,knots
2024-09-10T07:29:32.476402331Z,0.1,knots
2024-09-10T07:29:33.476434384Z,0,knots
2024-09-10T07:29:35.476500002Z,0.1,knots
2024-09-10T07:29:36.476422914Z,0,knots
2024-09-10T07:29:39.476349288Z,0.1,knots
2024-09-10T07:29:40.476423814Z,0,knots
2024-09-10T07:29:43.476413915Z,0.1,knots
2024-09-10T07:29:44.476413546Z,0,knots
2024-09-10T07:29:59.476414445Z,0.1,knots
2024-09-10T07:30:00.476421324Z,0,knots
2024-09-10T07:30:01.476402402Z,0.1,knots
2024-09-10T07:30:02.476357975Z,0,knots
2024-09-10T07:30:04.476436644Z,0.1,knots
2024-09-10T07:30:05.476421673Z,0,knots
2024-09-10T07:30:08.476408570Z,0.1,knots
2024-09-10T07:30:09.476421472Z,0,knots
2024-09-10T07:30:19.476441260Z,0.1,knots
2024-09-10T07:30:20.476448628Z,0,knots
2024-09-10T07:30:22.476303263Z,0.1,knots
2024-09-10T07:30:24.476402334Z,0,knots
2024-09-10T07:30:40.476381878Z,0.1,knots
2024-09-10T07:30:41.476418822Z,0,knots
2024-09-10T07:31:10.476365429Z,0.1,knots
2024-09-10T07:31:11.476414469Z,0,knots
2024-09-10T07:31:13.476416872Z,0.1,knots
2024-09-10T07:31:14.476414747Z,0,knots
2024-09-10T07:31:20.476294857Z,0.1,knots
2024-09-10T07:31:21.476415550Z,0,knots
2024-09-10T07:31:22.476441820Z,0.1,knots
2024-09-10T07:31:23.476439002Z,0,knots
2024-09-10T07:31:25.476415241Z,0.1,knots
2024-09-10T07:31:26.476427425Z,0,knots
2024-09-10T07:31:28.476432165Z,0.1,knots
2024-09-10T07:31:33.476458833Z,0,knots
2024-09-10T07:31:34.476414663Z,0.1,knots
2024-09-10T07:31:35.476422679Z,0,knots
2024-09-10T07:31:37.476402545Z,0.1,knots
2024-09-10T07:31:39.476402349Z,0,knots
2024-09-10T07:31:55.476402126Z,0.1,knots
2024-09-10T07:31:57.476414700Z,0,knots
2024-09-10T07:31:58.476401669Z,0.1,knots
2024-09-10T07:32:00.476294422Z,0,knots
2024-09-10T07:32:03.476478247Z,0.1,knots
2024-09-10T07:32:04.476423775Z,0,knots
2024-09-10T07:32:06.476416817Z,0.1,knots
2024-09-10T07:32:08.476399196Z,0,knots
2024-09-10T07:32:21.476415771Z,0.1,knots
2024-09-10T07:32:22.476415808Z,0,knots
2024-09-10T07:32:23.476428737Z,0.1,knots
2024-09-10T07:32:25.476440630Z,0,knots
2024-09-10T07:32:28.476403853Z,0.1,knots
2024-09-10T07:32:29.476361163Z,0,knots
2024-09-10T07:32:30.476294432Z,0.1,knots
2024-09-10T07:32:31.476414797Z,0,knots
2024-09-10T07:32:40.476440063Z,0.1,knots
2024-09-10T07:32:41.476402939Z,0,knots
2024-09-10T07:32:45.476511573Z,0.1,knots
2024-09-10T07:32:46.476389486Z,0,knots
2024-09-10T07:32:51.476414207Z,0.1,knots
2024-09-10T07:32:53.476415109Z,0,knots
2024-09-10T07:32:56.476414209Z,0.1,knots
2024-09-10T07:32:57.476398098Z,0,knots
2024-09-10T07:32:59.476406676Z,0.1,knots
2024-09-10T07:33:01.476433Z,0,knots
2024-09-10T07:33:03.476307070Z,0.1,knots
2024-09-10T07:33:04.476404265Z,0,knots
2024-09-10T07:33:06.476400884Z,0.1,knots
2024-09-10T07:33:07.476348137Z,0,knots
2024-09-10T07:33:11.476260348Z,0.1,knots
2024-09-10T07:33:13.476404038Z,0,knots
2024-09-10T07:33:14.476262471Z,0.1,knots
2024-09-10T07:33:15.476350694Z,0,knots
2024-09-10T07:33:17.476277285Z,0.1,knots
2024-09-10T07:33:18.476417517Z,0,knots
2024-09-10T07:33:19.476404526Z,0.1,knots
2024-09-10T07:33:23.476391875Z,0,knots
2024-09-10T07:33:24.476401806Z,0.1,knots
2024-09-10T07:33:25.476398190Z,0,knots
2024-09-10T07:33:30.476422341Z,0.1,knots
2024-09-10T07:33:31.476414883Z,0,knots
2024-09-10T07:33:42.509313573Z,0.1,knots
2024-09-10T07:33:43.509453945Z,0,knots
2024-09-10T07:33:44.509491026Z,0.1,knots
2024-09-10T07:33:47.509452278Z,0,knots
2024-09-10T07:33:48.509450724Z,0.1,knots
2024-09-10T07:33:49.509455762Z,0,knots
2024-09-10T07:33:58.509461922Z,0.1,knots
2024-09-10T07:33:59.509452754Z,0,knots
2024-09-10T07:34:02.509544883Z,0.1,knots
2024-09-10T07:34:03.509425049Z,0,knots
2024-09-10T07:34:16.509398192Z,0.1,knots
2024-09-10T07:34:17.509397840Z,0,knots
2024-09-10T07:34:20.509458575Z,0.1,knots
2024-09-10T07:34:21.509394559Z,0,knots
2024-09-10T07:34:28.509451055Z,0.1,knots
2024-09-10T07:34:29.509452564Z,0,knots
2024-09-10T07:34:36.509447215Z,0.1,knots
2024-09-10T07:34:38.509523630Z,0,knots
2024-09-10T07:34:40.509520078Z,0.1,knots
2024-09-10T07:34:42.509473332Z,0,knots
2024-09-10T07:34:58.509451038Z,0.1,knots
2024-09-10T07:34:59.509441451Z,0,knots
2024-09-10T07:35:02.509429559Z,0.1,knots
2024-09-10T07:35:03.509411460Z,0,knots
2024-09-10T07:35:05.509458625Z,0.1,knots
2024-09-10T07:35:06.509437417Z,0,knots
2024-09-10T07:35:32.509451414Z,0.1,knots
2024-09-10T07:35:33.509395134Z,0,knots
2024-09-10T07:35:35.509456665Z,0.1,knots
2024-09-10T07:35:38.509453721Z,0,knots
2024-09-10T07:35:40.509414483Z,0.1,knots
2024-09-10T07:35:42.509452442Z,0,knots
2024-09-10T07:35:55.509454579Z,0.1,knots
2024-09-10T07:35:56.509429596Z,0,knots
2024-09-10T07:35:59.509451927Z,0.1,knots
2024-09-10T07:36:00.509447258Z,0,knots
2024-09-10T07:36:23.509381612Z,0.1,knots
2024-09-10T07:36:24.509451701Z,0,knots
2024-09-10T07:36:25.509403632Z,0.1,knots
2024-09-10T07:36:26.509381947Z,0,knots
2024-09-10T07:36:28.509451053Z,0.1,knots
2024-09-10T07:36:29.509397618Z,0,knots
2024-09-10T07:36:32.509421486Z,0.1,knots
2024-09-10T07:36:33.509421729Z,0,knots
2024-09-10T07:36:36.509418091Z,0.1,knots
2024-09-10T07:36:37.509485871Z,0,knots
2024-09-10T07:36:39.509410814Z,0.1,knots
2024-09-10T07:36:40.509457803Z,0,knots
2024-09-10T07:36:45.509458491Z,0.1,knots
2024-09-10T07:36:46.509451721Z,0,knots
2024-09-10T07:36:47.509438418Z,0.1,knots
2024-09-10T07:36:48.509452157Z,0,knots
2024-09-10T07:36:49.509454838Z,0.1,knots
2024-09-10T07:36:53.509452183Z,0.2,knots
2024-09-10T07:36:54.509453937Z,0.1,knots
2024-09-10T07:36:55.509388386Z,0.2,knots
2024-09-10T07:37:00.509316377Z,0.3,knots
2024-09-10T07:37:03.509368016Z,0.4,knots
2024-09-10T07:37:04.509449880Z,0.3,knots
2024-09-10T07:37:06.509437922Z,0.4,knots
2024-09-10T07:37:11.509431169Z,0.5,knots
2024-09-10T07:37:14.509440427Z,0.6,knots
2024-09-10T07:37:17.609716374Z,0.7,knots
2024-09-10T07:37:18.609930866Z,0.8,knots
2024-09-10T07:37:21.609893536Z,0.9,knots
2024-09-10T07:37:22.609729940Z,1,knots
2024-09-10T07:37:25.609889153Z,1.1,knots
2024-09-10T07:37:27.609892682Z,1.2,knots
2024-09-10T07:37:29.609735638Z,1.3,knots
2024-09-10T07:37:31.609893356Z,1.4,knots
2024-09-10T07:37:32.609886807Z,1.5,knots
2024-09-10T07:37:33.609898948Z,1.6,knots
2024-09-10T07:37:34.609894146Z,1.7,knots
2024-09-10T07:37:35.609889967Z,1.8,knots
2024-09-10T07:37:36.609893037Z,2,knots
2024-09-10T07:37:37.609894642Z,2.1,knots
2024-09-10T07:37:38.609736750Z,2.2,knots
2024-09-10T07:37:39.609898179Z,2.3,knots
2024-09-10T07:37:40.609742665Z,2.5,knots
2024-09-10T07:37:42.609885768Z,2.6,knots
2024-09-10T07:37:43.609733499Z,2.7,knots
2024-09-10T07:37:44.609642382Z,2.8,knots
2024-09-10T07:37:45.609886420Z,2.9,knots
2024-09-10T07:37:46.609735488Z,3,knots
2024-09-10T07:37:48.609731850Z,3.2,knots
2024-09-10T07:37:49.609854962Z,3.3,knots
2024-09-10T07:37:52.609686353Z,3.5,knots
2024-09-10T07:37:54.609863083Z,3.6,knots
2024-09-10T07:37:56.609903302Z,3.7,knots
2024-09-10T07:37:57.609887327Z,3.8,knots
2024-09-10T07:38:00.609934079Z,3.9,knots
2024-09-10T07:38:01.609742821Z,4,knots
2024-09-10T07:38:03.609733094Z,4.1,knots
2024-09-10T07:38:05.609892682Z,4.2,knots
2024-09-10T07:38:07.609724782Z,4.3,knots
2024-09-10T07:38:09.609899461Z,4.4,knots
2024-09-10T07:38:11.609807598Z,4.5,knots
2024-09-10T07:38:13.609900837Z,4.6,knots
2024-09-10T07:38:16.609899361Z,4.7,knots
2024-09-10T07:38:17.609894660Z,4.8,knots
2024-09-10T07:38:18.609893768Z,4.7,knots
2024-09-10T07:38:19.609892663Z,4.8,knots
2024-09-10T07:38:21.609899018Z,4.9,knots
2024-09-10T07:38:23.609996963Z,5,knots
2024-09-10T07:38:25.609894228Z,5.1,knots
2024-09-10T07:38:27.609676827Z,5.2,knots
2024-09-10T07:38:28.609841613Z,5.3,knots
2024-09-10T07:38:30.609691561Z,5.4,knots
2024-09-10T07:38:31.610003645Z,5.5,knots
2024-09-10T07:38:34.609653594Z,5.6,knots
2024-09-10T07:38:37.609899733Z,5.7,knots
2024-09-10T07:38:40.609903455Z,5.8,knots
2024-09-10T07:38:43.609893968Z,5.9,knots
2024-09-10T07:38:47.609890618Z,6,knots
2024-09-10T07:38:53.609923729Z,6.1,knots
2024-09-10T07:38:57.609862747Z,6.2,knots
2024-09-10T07:38:59.609891594Z,6.1,knots
2024-09-10T07:39:01.609907728Z,6.2,knots
2024-09-10T07:39:03.609667422Z,6.3,knots
2024-09-10T07:39:04.609740344Z,6.2,knots
2024-09-10T07:39:05.609682947Z,6.3,knots
2024-09-10T07:39:24.609893766Z,6.2,knots
2024-09-10T07:39:27.609892418Z,6.1,knots
2024-09-10T07:39:29.609894196Z,6,knots
2024-09-10T07:39:33.609912429Z,5.9,knots
2024-09-10T07:39:37.609747937Z,5.8,knots
2024-09-10T07:39:43.609729208Z,5.7,knots
2024-09-10T07:39:50.609950609Z,5.6,knots
2024-09-10T07:39:55.609853907Z,5.5,knots
2024-09-10T07:40:00.609929687Z,5.4,knots
2024-09-10T07:40:05.609894335Z,5.3,knots
2024-09-10T07:41:05.009533023Z,5.3,knots
2024-09-10T07:41:07.609738849Z,5.2,knots
2024-09-10T07:42:07.009402893Z,5.2,knots
2024-09-10T07:43:07.009402715Z,5.2,knots
2024-09-10T07:43:41.610048103Z,5.1,knots
2024-09-10T07:43:49.609897766Z,5,knots
2024-09-10T07:43:50.609902967Z,4.9,knots
2024-09-10T07:43:51.609928821Z,4.8,knots
2024-09-10T07:43:52.609895588Z,4.7,knots
2024-09-10T07:43:54.609894667Z,4.6,knots
2024-09-10T07:43:56.609733755Z,4.5,knots
2024-09-10T07:43:57.609890164Z,4.4,knots
2024-09-10T07:43:58.609732747Z,4.3,knots
2024-09-10T07:43:59.609624759Z,4.2,knots
2024-09-10T07:44:00.609743894Z,4.1,knots
2024-09-10T07:44:01.609629492Z,4,knots
2024-09-10T07:44:02.609625944Z,3.9,knots
2024-09-10T07:44:03.609790139Z,3.8,knots
2024-09-10T07:44:04.609977322Z,3.7,knots
2024-09-10T07:44:05.609862206Z,3.6,knots
2024-09-10T07:44:07.609864327Z,3.5,knots
2024-09-10T07:44:10.609902245Z,3.4,knots
2024-09-10T07:44:12.609676151Z,3.3,knots
2024-09-10T07:44:14.609681527Z,3.2,knots
2024-09-10T07:44:16.609696053Z,3.1,knots
2024-09-10T07:44:19.609668181Z,3,knots
2024-09-10T07:44:22.609903103Z,2.9,knots
2024-09-10T07:44:25.609861791Z,2.8,knots
2024-09-10T07:44:28.609738031Z,2.7,knots
2024-09-10T07:44:33.609545757Z,2.6,knots
2024-09-10T07:44:42.609894139Z,2.5,knots
2024-09-10T07:44:53.609719023Z,2.4,knots
2024-09-10T07:45:14.609859960Z,2.3,knots
2024-09-10T07:45:26.609863805Z,2.2,knots
2024-09-10T07:45:31.610073523Z,2.1,knots
2024-09-10T07:45:35.609660031Z,2,knots
2024-09-10T07:45:40.609747382Z,1.9,knots
2024-09-10T07:45:45.609863345Z,1.8,knots
2024-09-10T07:45:50.609569973Z,1.7,knots
2024-09-10T07:45:56.609860875Z,1.6,knots
2024-09-10T07:46:02.609536787Z,1.5,knots
2024-09-10T07:46:06.609863533Z,1.4,knots
2024-09-10T07:46:11.609708673Z,1.3,knots
2024-09-10T07:46:14.609762752Z,1.2,knots
2024-09-10T07:46:18.609566248Z,1.1,knots
2024-09-10T07:46:21.609685532Z,1,knots
2024-09-10T07:46:24.609861502Z,0.9,knots
2024-09-10T07:46:28.609859311Z,0.8,knots
2024-09-10T07:46:35.609862015Z,0.7,knots
2024-09-10T07:46:46.609763999Z,0.6,knots
2024-09-10T07:46:58.609857910Z,0.5,knots
2024-09-10T07:47:01.609519014Z,0.4,knots
2024-09-10T07:47:05.609854535Z,0.3,knots
2024-09-10T07:47:19.609860921Z,0.2,knots
2024-09-10T07:47:24.609677682Z,0.3,knots
2024-09-10T07:47:37.709484875Z,0.2,knots
2024-09-10T07:47:48.709485770Z,0.1,knots
2024-09-10T07:47:55.709486123Z,0,knots
2024-09-10T07:47:59.709421996Z,0.1,knots
2024-09-10T07:48:11.709491423Z,0.2,knots
2024-09-10T07:48:17.709485595Z,0.1,knots
2024-09-10T07:48:27.709486513Z,0,knots
2024-09-10T07:48:30.709412475Z,0.1,knots
2024-09-10T07:48:31.709426526Z,0,knots
2024-09-10T07:49:31.009500549Z,0,knots
2024-09-10T07:50:01.709486862Z,0.1,knots
2024-09-10T07:50:17.709486885Z,0,knots
2024-09-10T07:50:22.709486345Z,0.1,knots
2024-09-10T07:50:25.709485039Z,0,knots
2024-09-10T07:50:26.709492658Z,0.1,knots
2024-09-10T07:50:29.709489934Z,0,knots
2024-09-10T07:51:29.070522605Z,0,knots
2024-09-10T07:52:29.070440190Z,0,knots
2024-09-10T07:53:29.070484593Z,0,knots
2024-09-10T07:54:29.070513945Z,0,knots
2024-09-10T07:55:29.070516757Z,0,knots
