2024-09-10T06:26:27.826642431Z,42.5,celsius
2024-09-10T06:26:43.826648456Z,42.400001525878906,celsius
2024-09-10T06:26:44.826646238Z,42.5,celsius
2024-09-10T06:26:45.826636927Z,42.400001525878906,celsius
2024-09-10T06:26:49.826648262Z,42.5,celsius
2024-09-10T06:26:50.826642423Z,42.400001525878906,celsius
2024-09-10T06:26:51.826604622Z,42.5,celsius
2024-09-10T06:26:55.826642123Z,42.400001525878906,celsius
2024-09-10T06:26:56.826570170Z,42.5,celsius
2024-09-10T06:26:57.826640689Z,42.400001525878906,celsius
2024-09-10T06:27:03.826537026Z,42.5,celsius
2024-09-10T06:27:04.826621600Z,42.400001525878906,celsius
2024-09-10T06:27:14.826631071Z,42.5,celsius
2024-09-10T06:27:15.826643852Z,42.400001525878906,celsius
2024-09-10T06:27:18.826625627Z,42.5,celsius
2024-09-10T06:27:19.826627569Z,42.400001525878906,celsius
2024-09-10T06:27:47.826640690Z,42.299999237060547,celsius
2024-09-10T06:27:48.826575133Z,42.400001525878906,celsius
2024-09-10T06:27:49.826640837Z,42.299999237060547,celsius
2024-09-10T06:27:51.826644910Z,42.400001525878906,celsius
2024-09-10T06:27:56.826642646Z,42.299999237060547,celsius
2024-09-10T06:27:57.826641378Z,42.400001525878906,celsius
2024-09-10T06:28:08.926688043Z,42.299999237060547,celsius
2024-09-10T06:28:09.926611394Z,42.400001525878906,celsius
2024-09-10T06:28:12.926677217Z,42.299999237060547,celsius
2024-09-10T06:28:14.926682589Z,42.400001525878906,celsius
2024-09-10T06:28:15.926676585Z,42.299999237060547,celsius
2024-09-10T06:28:16.926676756Z,42.400001525878906,celsius
2024-09-10T06:28:17.926676956Z,42.299999237060547,celsius
2024-09-10T06:28:18.926681949Z,42.400001525878906,celsius
2024-09-10T06:28:19.926653734Z,42.299999237060547,celsius
2024-09-10T06:28:25.926677236Z,42.400001525878906,celsius
2024-09-10T06:28:28.926681141Z,42.299999237060547,celsius
2024-09-10T06:28:29.926677800Z,42.400001525878906,celsius
2024-09-10T06:28:31.926620593Z,42.299999237060547,celsius
2024-09-10T06:28:36.926677389Z,42.400001525878906,celsius
2024-09-10T06:28:37.926615414Z,42.299999237060547,celsius
2024-09-10T06:28:38.926725171Z,42.400001525878906,celsius
2024-09-10T06:28:40.926678102Z,42.299999237060547,celsius
2024-09-10T06:28:41.926669577Z,42.400001525878906,celsius
2024-09-10T06:28:43.926678826Z,42.299999237060547,celsius
2024-09-10T06:28:46.926619757Z,42.400001525878906,celsius
2024-09-10T06:28:50.926685523Z,42.299999237060547,celsius
2024-09-10T06:28:51.926614281Z,42.400001525878906,celsius
2024-09-10T06:28:52.926675910Z,42.299999237060547,celsius
2024-09-10T06:29:10.926640988Z,42.400001525878906,celsius
2024-09-10T06:29:11.926677457Z,42.299999237060547,celsius
2024-09-10T06:29:39.926639794Z,42.200000762939453,celsius
2024-09-10T06:29:40.926612694Z,42.299999237060547,celsius
2024-09-10T06:29:50.926587396Z,42.200000762939453,celsius
2024-09-10T06:29:51.926640766Z,42.299999237060547,celsius
2024-09-10T06:29:52.926522133Z,42.200000762939453,celsius
2024-09-10T06:29:53.926573193Z,42.299999237060547,celsius
2024-09-10T06:29:57.926677695Z,42.200000762939453,celsius
2024-09-10T06:29:58.926634252Z,42.299999237060547,celsius
2024-09-10T06:30:02.926859377Z,42.200000762939453,celsius
2024-09-10T06:30:08.926682665Z,42.299999237060547,celsius
2024-09-10T06:30:09.926627684Z,42.200000762939453,celsius
2024-09-10T06:30:10.926676685Z,42.299999237060547,celsius
2024-09-10T06:30:11.926664952Z,42.200000762939453,celsius
2024-09-10T06:30:20.926613300Z,42.299999237060547,celsius
2024-09-10T06:30:21.926625242Z,42.200000762939453,celsius
2024-09-10T06:30:57.926681719Z,42.100002288818359,celsius
2024-09-10T06:30:58.926652193Z,42.200000762939453,celsius
2024-09-10T06:31:01.926531019Z,42.100002288818359,celsius
2024-09-10T06:31:03.926668467Z,42.200000762939453,celsius
2024-09-10T06:31:04.926682805Z,42.100002288818359,celsius
2024-09-10T06:31:06.926677288Z,42.200000762939453,celsius
2024-09-10T06:31:10.926682027Z,42.100002288818359,celsius
2024-09-10T06:31:12.926666389Z,42.200000762939453,celsius
2024-09-10T06:31:13.926641Z,42.100002288818359,celsius
2024-09-10T06:31:14.926647204Z,42.200000762939453,celsius
2024-09-10T06:31:15.926652557Z,42.100002288818359,celsius
2024-09-10T06:31:25.926625102Z,42.200000762939453,celsius
2024-09-10T06:31:26.926655021Z,42.100002288818359,celsius
2024-09-10T06:31:33.926684152Z,42.200000762939453,celsius
2024-09-10T06:31:34.926615933Z,42.100002288818359,celsius
2024-09-10T06:32:12.926615425Z,42,celsius
2024-09-10T06:32:16.926680572Z,42.100002288818359,celsius
2024-09-10T06:32:20.926674644Z,42,celsius
2024-09-10T06:32:25.926675690Z,42.100002288818359,celsius
2024-09-10T06:32:26.926680673Z,42,celsius
2024-09-10T06:32:28.926680016Z,42.100002288818359,celsius
2024-09-10T06:32:29.926709818Z,42,celsius
2024-09-10T06:32:30.926659191Z,42.100002288818359,celsius
2024-09-10T06:32:34.926788467Z,42,celsius
2024-09-10T06:32:38.926582265Z,42.100002288818359,celsius
2024-09-10T06:32:40.926675271Z,42,celsius
2024-09-10T06:32:41.926628037Z,42.100002288818359,celsius
2024-09-10T06:32:43.926643965Z,42,celsius
2024-09-10T06:32:44.926674553Z,42.100002288818359,celsius
2024-09-10T06:32:46.926674659Z,42,celsius
2024-09-10T06:33:04.926683249Z,42.100002288818359,celsius
2024-09-10T06:33:05.926585671Z,42,celsius
2024-09-10T06:33:41.947684126Z,41.900001525878906,celsius
2024-09-10T06:33:42.947706133Z,42,celsius
2024-09-10T06:33:45.947680997Z,41.900001525878906,celsius
2024-09-10T06:33:46.947710693Z,42,celsius
2024-09-10T06:33:50.947737835Z,41.900001525878906,celsius
2024-09-10T06:33:51.947707702Z,42,celsius
2024-09-10T06:33:54.947577073Z,41.900001525878906,celsius
2024-09-10T06:33:55.947682267Z,42,celsius
2024-09-10T06:34:04.947717532Z,41.900001525878906,celsius
2024-09-10T06:34:06.947667088Z,42,celsius
2024-09-10T06:34:07.947668013Z,41.900001525878906,celsius
2024-09-10T06:34:09.947714534Z,42,celsius
2024-09-10T06:34:10.947703949Z,41.900001525878906,celsius
2024-09-10T06:34:14.947653834Z,42,celsius
2024-09-10T06:34:15.947553505Z,41.900001525878906,celsius
2024-09-10T06:34:17.947716760Z,42,celsius
2024-09-10T06:34:19.947681665Z,41.900001525878906,celsius
2024-09-10T06:34:20.947719136Z,42,celsius
2024-09-10T06:34:21.947680361Z,41.900001525878906,celsius
2024-09-10T06:34:30.947673466Z,42,celsius
2024-09-10T06:34:32.947650394Z,41.900001525878906,celsius
2024-09-10T06:34:37.947612014Z,42,celsius
2024-09-10T06:34:38.947619824Z,41.900001525878906,celsius
2024-09-10T06:34:39.947680447Z,42,celsius
2024-09-10T06:34:40.947668596Z,41.900001525878906,celsius
2024-09-10T06:34:42.947719531Z,42,celsius
2024-09-10T06:34:44.947718861Z,41.900001525878906,celsius
2024-09-10T06:34:45.947654333Z,42,celsius
2024-09-10T06:34:46.947718347Z,41.900001525878906,celsius
2024-09-10T06:34:51.947576327Z,42,celsius
2024-09-10T06:34:53.947684330Z,41.900001525878906,celsius
2024-09-10T06:34:54.947724221Z,42,celsius
2024-09-10T06:34:55.947681528Z,41.900001525878906,celsius
2024-09-10T06:35:31.947725235Z,41.799999237060547,celsius
2024-09-10T06:35:32.947717513Z,41.900001525878906,celsius
2024-09-10T06:35:35.947654158Z,41.799999237060547,celsius
2024-09-10T06:35:36.947654670Z,41.900001525878906,celsius
2024-09-10T06:35:43.947704460Z,41.799999237060547,celsius
2024-09-10T06:35:44.947787052Z,41.900001525878906,celsius
2024-09-10T06:35:50.947723842Z,41.799999237060547,celsius
2024-09-10T06:35:51.947684427Z,41.900001525878906,celsius
2024-09-10T06:35:52.947718859Z,41.799999237060547,celsius
2024-09-10T06:35:59.947681682Z,41.900001525878906,celsius
2024-09-10T06:36:01.947570320Z,41.799999237060547,celsius
2024-09-10T06:36:07.947590401Z,41.900001525878906,celsius
2024-09-10T06:36:08.947593866Z,41.799999237060547,celsius
2024-09-10T06:37:00.947696440Z,41.700000762939453,celsius
2024-09-10T06:37:01.947712413Z,41.799999237060547,celsius
2024-09-10T06:37:24.930252212Z,41.700000762939453,celsius
2024-09-10T06:37:25.930287515Z,41.799999237060547,celsius
2024-09-10T06:37:26.930195835Z,41.700000762939453,celsius
2024-09-10T06:37:27.930254180Z,41.799999237060547,celsius
2024-09-10T06:37:28.930260399Z,41.700000762939453,celsius
2024-09-10T06:37:29.930251672Z,41.799999237060547,celsius
2024-09-10T06:37:30.930257655Z,41.700000762939453,celsius
2024-09-10T06:37:32.930252560Z,41.799999237060547,celsius
2024-09-10T06:37:33.930268075Z,41.700000762939453,celsius
2024-09-10T06:37:34.930097913Z,41.799999237060547,celsius
2024-09-10T06:37:35.930237837Z,41.700000762939453,celsius
2024-09-10T06:37:41.930237051Z,41.799999237060547,celsius
2024-09-10T06:37:42.930252181Z,41.700000762939453,celsius
2024-09-10T06:37:45.930211723Z,41.799999237060547,celsius
2024-09-10T06:37:46.930242075Z,41.700000762939453,celsius
2024-09-10T06:38:46.030236609Z,41.700000762939453,celsius
2024-09-10T06:38:58.030279539Z,41.600002288818359,celsius
2024-09-10T06:38:59.030274937Z,41.700000762939453,celsius
2024-09-10T06:39:07.030318416Z,41.600002288818359,celsius
2024-09-10T06:39:10.030275648Z,41.700000762939453,celsius
2024-09-10T06:39:12.030253240Z,41.600002288818359,celsius
2024-09-10T06:39:13.030310249Z,41.700000762939453,celsius
2024-09-10T06:39:15.030303176Z,41.600002288818359,celsius
2024-09-10T06:39:16.030208234Z,41.700000762939453,celsius
2024-09-10T06:39:19.030250065Z,41.600002288818359,celsius
2024-09-10T06:39:20.030236436Z,41.700000762939453,celsius
2024-09-10T06:39:21.030254147Z,41.600002288818359,celsius
2024-09-10T06:39:23.030252917Z,41.700000762939453,celsius
2024-09-10T06:39:25.030253527Z,41.600002288818359,celsius
2024-09-10T06:39:28.030305095Z,41.700000762939453,celsius
2024-09-10T06:39:29.030209463Z,41.600002288818359,celsius
2024-09-10T06:39:30.030255084Z,41.700000762939453,celsius
2024-09-10T06:39:31.030260269Z,41.600002288818359,celsius
2024-09-10T06:39:37.030402964Z,41.700000762939453,celsius
2024-09-10T06:39:38.030251217Z,41.600002288818359,celsius
2024-09-10T06:39:39.030274857Z,41.700000762939453,celsius
2024-09-10T06:39:41.030276286Z,41.600002288818359,celsius
2024-09-10T06:39:42.030220133Z,41.700000762939453,celsius
2024-09-10T06:39:44.030232348Z,41.600002288818359,celsius
2024-09-10T06:39:53.030253063Z,41.700000762939453,celsius
2024-09-10T06:39:54.030323923Z,41.600002288818359,celsius
2024-09-10T06:39:55.030226391Z,41.700000762939453,celsius
2024-09-10T06:39:56.030249467Z,41.600002288818359,celsius
2024-09-10T06:40:01.030297758Z,41.700000762939453,celsius
2024-09-10T06:40:02.030183151Z,41.600002288818359,celsius
2024-09-10T06:40:04.030215293Z,41.700000762939453,celsius
2024-09-10T06:40:05.030239703Z,41.600002288818359,celsius
2024-09-10T06:40:16.030250801Z,41.700000762939453,celsius
2024-09-10T06:40:18.030271585Z,41.600002288818359,celsius
2024-09-10T06:41:18.030306978Z,41.600002288818359,celsius
2024-09-10T06:41:22.030297017Z,41.5,celsius
2024-09-10T06:41:23.030245090Z,41.600002288818359,celsius
2024-09-10T06:41:24.030212099Z,41.5,celsius
2024-09-10T06:41:25.030328713Z,41.600002288818359,celsius
2024-09-10T06:41:44.030227008Z,41.5,celsius
2024-09-10T06:41:45.030314230Z,41.600002288818359,celsius
2024-09-10T06:41:46.030211644Z,41.5,celsius
2024-09-10T06:41:49.030298425Z,41.600002288818359,celsius
2024-09-10T06:41:51.030240793Z,41.5,celsius
2024-09-10T06:41:55.030229677Z,41.600002288818359,celsius
2024-09-10T06:41:56.030240670Z,41.5,celsius
2024-09-10T06:42:10.030289017Z,41.600002288818359,celsius
2024-09-10T06:42:13.030281554Z,41.5,celsius
2024-09-10T06:42:19.030261735Z,41.600002288818359,celsius
2024-09-10T06:42:20.030262070Z,41.5,celsius
2024-09-10T06:42:47.985572061Z,41.400001525878906,celsius
2024-09-10T06:42:49.985451037Z,41.5,celsius
2024-09-10T06:42:55.985428606Z,41.400001525878906,celsius
2024-09-10T06:42:58.985489545Z,41.5,celsius
2024-09-10T06:43:00.985489426Z,41.400001525878906,celsius
2024-09-10T06:43:05.985487935Z,41.5,celsius
2024-09-10T06:43:11.085616054Z,41.400001525878906,celsius
2024-09-10T06:43:12.085387608Z,41.5,celsius
2024-09-10T06:43:13.085475163Z,41.400001525878906,celsius
2024-09-10T06:43:18.085527668Z,41.5,celsius
2024-09-10T06:43:19.085467114Z,41.400001525878906,celsius
2024-09-10T06:43:23.085513162Z,41.5,celsius
2024-09-10T06:43:25.085502656Z,41.400001525878906,celsius
2024-09-10T06:43:32.085488293Z,41.5,celsius
2024-09-10T06:43:33.085477829Z,41.400001525878906,celsius
2024-09-10T06:44:01.085475925Z,41.299999237060547,celsius
2024-09-10T06:44:02.085466266Z,41.400001525878906,celsius
2024-09-10T06:44:15.085429536Z,41.5,celsius
2024-09-10T06:44:16.085484904Z,41.400001525878906,celsius
2024-09-10T06:44:17.085399683Z,41.5,celsius
2024-09-10T06:44:18.085426Z,41.400001525878906,celsius
2024-09-10T06:44:40.085502394Z,41.5,celsius
2024-09-10T06:44:41.085501114Z,41.400001525878906,celsius
2024-09-10T06:45:14.085493637Z,41.299999237060547,celsius
2024-09-10T06:45:15.085445168Z,41.400001525878906,celsius
2024-09-10T06:45:26.085507905Z,41.299999237060547,celsius
2024-09-10T06:45:27.085491332Z,41.400001525878906,celsius
2024-09-10T06:45:46.085486331Z,41.299999237060547,celsius
2024-09-10T06:45:47.085480929Z,41.400001525878906,celsius
2024-09-10T06:46:21.085495884Z,41.5,celsius
2024-09-10T06:46:22.085486857Z,41.400001525878906,celsius
2024-09-10T06:46:23.085415777Z,41.5,celsius
2024-09-10T06:46:24.085426951Z,41.400001525878906,celsius
2024-09-10T06:46:33.085377780Z,41.5,celsius
2024-09-10T06:46:34.085433949Z,41.400001525878906,celsius
2024-09-10T06:46:36.085507803Z,41.5,celsius
2024-09-10T06:46:37.085507704Z,41.400001525878906,celsius
2024-09-10T06:46:42.085510053Z,41.5,celsius
2024-09-10T06:46:43.085486022Z,41.400001525878906,celsius
2024-09-10T06:46:44.085493831Z,41.5,celsius
2024-09-10T06:46:45.085449733Z,41.400001525878906,celsius
2024-09-10T06:46:46.085488539Z,41.5,celsius
2024-09-10T06:46:47.115505703Z,41.400001525878906,celsius
2024-09-10T06:46:48.115665288Z,41.5,celsius
2024-09-10T06:46:50.115660649Z,41.400001525878906,celsius
2024-09-10T06:46:52.115529185Z,41.5,celsius
2024-09-10T06:46:53.115580904Z,41.400001525878906,celsius
2024-09-10T06:46:54.115532407Z,41.5,celsius
2024-09-10T06:46:55.115557613Z,41.400001525878906,celsius
2024-09-10T06:46:56.115528475Z,41.5,celsius
2024-09-10T06:47:04.115653114Z,41.400001525878906,celsius
2024-09-10T06:47:05.115561671Z,41.5,celsius
2024-09-10T06:47:16.115651870Z,41.400001525878906,celsius
2024-09-10T06:47:17.115735179Z,41.5,celsius
2024-09-10T06:47:35.115578794Z,41.600002288818359,celsius
2024-09-10T06:47:36.115525752Z,41.5,celsius
2024-09-10T06:47:37.115525678Z,41.600002288818359,celsius
2024-09-10T06:47:38.115616365Z,41.5,celsius
2024-09-10T06:47:47.115556255Z,41.600002288818359,celsius
2024-09-10T06:47:48.115527124Z,41.5,celsius
2024-09-10T06:47:50.115655388Z,41.600002288818359,celsius
2024-09-10T06:47:51.115672062Z,41.5,celsius
2024-09-10T06:47:53.115620211Z,41.600002288818359,celsius
2024-09-10T06:47:54.115737325Z,41.5,celsius
2024-09-10T06:47:59.115736296Z,41.600002288818359,celsius
2024-09-10T06:48:01.115526361Z,41.5,celsius
2024-09-10T06:48:02.115547100Z,41.600002288818359,celsius
2024-09-10T06:48:06.115679922Z,41.5,celsius
2024-09-10T06:48:07.115506999Z,41.600002288818359,celsius
2024-09-10T06:48:08.115506272Z,41.5,celsius
2024-09-10T06:48:09.115493034Z,41.600002288818359,celsius
2024-09-10T06:48:11.115662031Z,41.5,celsius
2024-09-10T06:48:12.115589078Z,41.600002288818359,celsius
2024-09-10T06:48:16.115680624Z,41.5,celsius
2024-09-10T06:48:17.115525032Z,41.600002288818359,celsius
2024-09-10T06:48:23.115682505Z,41.5,celsius
2024-09-10T06:48:24.115530490Z,41.600002288818359,celsius
2024-09-10T06:48:26.115553588Z,41.5,celsius
2024-09-10T06:48:27.115611183Z,41.600002288818359,celsius
2024-09-10T06:48:28.115525465Z,41.5,celsius
2024-09-10T06:48:29.115494612Z,41.600002288818359,celsius
2024-09-10T06:48:32.115723471Z,41.5,celsius
2024-09-10T06:48:33.115692072Z,41.600002288818359,celsius
2024-09-10T06:49:06.115616317Z,41.5,celsius
2024-09-10T06:49:07.115493260Z,41.600002288818359,celsius
2024-09-10T06:49:30.115656705Z,41.700000762939453,celsius
2024-09-10T06:49:32.115576641Z,41.600002288818359,celsius
2024-09-10T06:49:33.115634817Z,41.700000762939453,celsius
2024-09-10T06:49:36.115683351Z,41.600002288818359,celsius
2024-09-10T06:49:45.115507653Z,41.700000762939453,celsius
2024-09-10T06:49:46.115576330Z,41.600002288818359,celsius
2024-09-10T06:49:48.115664229Z,41.700000762939453,celsius
2024-09-10T06:49:49.115672482Z,41.600002288818359,celsius
2024-09-10T06:49:56.115553686Z,41.700000762939453,celsius
2024-09-10T06:49:57.115573459Z,41.600002288818359,celsius
2024-09-10T06:49:58.115591413Z,41.700000762939453,celsius
2024-09-10T06:49:59.115534482Z,41.600002288818359,celsius
2024-09-10T06:50:03.115561375Z,41.700000762939453,celsius
2024-09-10T06:50:04.115635031Z,41.600002288818359,celsius
2024-09-10T06:50:07.115590430Z,41.700000762939453,celsius
2024-09-10T06:50:08.115532031Z,41.600002288818359,celsius
2024-09-10T06:50:16.115628099Z,41.700000762939453,celsius
2024-09-10T06:50:19.074353106Z,41.600002288818359,celsius
2024-09-10T06:50:30.074406955Z,41.700000762939453,celsius
2024-09-10T06:50:31.074428756Z,41.600002288818359,celsius
2024-09-10T06:50:36.074385425Z,41.700000762939453,celsius
2024-09-10T06:50:42.074303914Z,41.600002288818359,celsius
2024-09-10T06:50:45.074378245Z,41.700000762939453,celsius
2024-09-10T06:50:46.074363997Z,41.600002288818359,celsius
2024-09-10T06:51:14.074320747Z,41.5,celsius
2024-09-10T06:51:15.074337436Z,41.600002288818359,celsius
2024-09-10T06:51:18.174446615Z,41.5,celsius
2024-09-10T06:51:19.174437697Z,41.600002288818359,celsius
2024-09-10T06:51:25.174436153Z,41.5,celsius
2024-09-10T06:51:57.174413557Z,41.400001525878906,celsius
2024-09-10T06:51:58.174409703Z,41.5,celsius
2024-09-10T06:52:02.174323673Z,41.400001525878906,celsius
2024-09-10T06:52:03.174303470Z,41.5,celsius
2024-09-10T06:52:05.174447279Z,41.400001525878906,celsius
2024-09-10T06:52:08.174382916Z,41.5,celsius
2024-09-10T06:52:09.174449824Z,41.400001525878906,celsius
2024-09-10T06:52:11.174345209Z,41.5,celsius
2024-09-10T06:52:12.174337764Z,41.400001525878906,celsius
2024-09-10T06:52:14.174452913Z,41.5,celsius
2024-09-10T06:52:15.174330163Z,41.400001525878906,celsius
2024-09-10T06:52:22.174456080Z,41.5,celsius
2024-09-10T06:52:23.174434334Z,41.400001525878906,celsius
2024-09-10T06:53:03.174439550Z,41.299999237060547,celsius
2024-09-10T06:53:05.174414107Z,41.400001525878906,celsius
2024-09-10T06:53:06.174514691Z,41.299999237060547,celsius
2024-09-10T06:53:11.174384176Z,41.400001525878906,celsius
2024-09-10T06:53:12.174366005Z,41.299999237060547,celsius
2024-09-10T06:53:34.174465666Z,41.200000762939453,celsius
2024-09-10T06:54:04.174338232Z,41.100002288818359,celsius
2024-09-10T06:54:06.174417098Z,41.200000762939453,celsius
2024-09-10T06:54:15.174322465Z,41.100002288818359,celsius
2024-09-10T06:54:24.174418526Z,41.200000762939453,celsius
2024-09-10T06:54:26.174342085Z,41.100002288818359,celsius
2024-09-10T06:54:33.174279208Z,41.200000762939453,celsius
2024-09-10T06:54:34.174432036Z,41.100002288818359,celsius
2024-09-10T06:55:04.174357535Z,41,celsius
2024-09-10T06:55:05.174273677Z,41.100002288818359,celsius
2024-09-10T06:55:06.174272540Z,41,celsius
2024-09-10T06:55:08.174356836Z,41.100002288818359,celsius
2024-09-10T06:55:09.174274517Z,41,celsius
2024-09-10T06:55:10.174397196Z,41.100002288818359,celsius
2024-09-10T06:55:12.174409226Z,41,celsius
2024-09-10T06:55:13.174346350Z,41.100002288818359,celsius
2024-09-10T06:55:14.174387823Z,41,celsius
2024-09-10T06:55:21.174449720Z,41.100002288818359,celsius
2024-09-10T06:55:23.174274068Z,41,celsius
2024-09-10T06:55:24.194926538Z,41.100002288818359,celsius
2024-09-10T06:55:25.194885426Z,41,celsius
2024-09-10T06:55:35.194907246Z,41.100002288818359,celsius
2024-09-10T06:55:36.194899258Z,41,celsius
2024-09-10T06:55:52.194838420Z,40.900001525878906,celsius
2024-09-10T06:55:53.194878091Z,41,celsius
2024-09-10T06:56:05.194831593Z,40.900001525878906,celsius
2024-09-10T06:56:07.194895068Z,41,celsius
2024-09-10T06:56:11.194885197Z,40.900001525878906,celsius
2024-09-10T06:56:12.194975949Z,41,celsius
2024-09-10T06:56:13.194905403Z,40.900001525878906,celsius
2024-09-10T06:56:15.194904619Z,41,celsius
2024-09-10T06:56:16.194881466Z,40.900001525878906,celsius
2024-09-10T06:56:20.194876169Z,41,celsius
2024-09-10T06:56:22.194895173Z,40.900001525878906,celsius
2024-09-10T06:56:49.194908321Z,40.799999237060547,celsius
2024-09-10T06:56:51.194899411Z,40.900001525878906,celsius
2024-09-10T06:56:54.194929885Z,40.799999237060547,celsius
2024-09-10T06:56:55.194985484Z,40.900001525878906,celsius
2024-09-10T06:57:01.194890763Z,40.799999237060547,celsius
2024-09-10T06:57:02.194799021Z,40.900001525878906,celsius
2024-09-10T06:57:04.194976675Z,40.799999237060547,celsius
2024-09-10T06:57:06.194732459Z,40.900001525878906,celsius
2024-09-10T06:57:07.194836519Z,40.799999237060547,celsius
2024-09-10T06:57:12.194909189Z,40.900001525878906,celsius
2024-09-10T06:57:13.194887604Z,40.799999237060547,celsius
2024-09-10T06:57:58.194746882Z,40.700000762939453,celsius
2024-09-10T06:57:59.194876121Z,40.799999237060547,celsius
2024-09-10T06:58:03.194847607Z,40.700000762939453,celsius
2024-09-10T06:58:05.194734673Z,40.799999237060547,celsius
2024-09-10T06:58:10.194917067Z,40.700000762939453,celsius
2024-09-10T06:58:12.195000401Z,40.799999237060547,celsius
2024-09-10T06:58:13.194931938Z,40.700000762939453,celsius
2024-09-10T06:58:19.194861327Z,40.799999237060547,celsius
2024-09-10T06:58:21.194830345Z,40.700000762939453,celsius
2024-09-10T06:58:26.194833680Z,40.799999237060547,celsius
2024-09-10T06:58:28.194831216Z,40.700000762939453,celsius
2024-09-10T06:58:29.194819446Z,40.799999237060547,celsius
2024-09-10T06:58:30.194862470Z,40.700000762939453,celsius
2024-09-10T06:58:32.194811994Z,40.799999237060547,celsius
2024-09-10T06:58:33.194832530Z,40.700000762939453,celsius
2024-09-10T06:58:38.194821121Z,40.799999237060547,celsius
2024-09-10T06:58:39.194796949Z,40.700000762939453,celsius
2024-09-10T06:58:42.194927539Z,40.600002288818359,celsius
2024-09-10T06:58:43.194888813Z,40.700000762939453,celsius
2024-09-10T06:58:52.194899545Z,40.600002288818359,celsius
2024-09-10T06:58:54.194894694Z,40.700000762939453,celsius
2024-09-10T06:58:57.194919377Z,40.600002288818359,celsius
2024-09-10T06:58:58.194805608Z,40.700000762939453,celsius
2024-09-10T06:58:59.194768069Z,40.600002288818359,celsius
2024-09-10T06:59:02.194806813Z,40.700000762939453,celsius
2024-09-10T06:59:03.194791535Z,40.600002288818359,celsius
2024-09-10T06:59:05.194919987Z,40.700000762939453,celsius
2024-09-10T06:59:07.194811496Z,40.600002288818359,celsius
2024-09-10T06:59:08.194884833Z,40.700000762939453,celsius
2024-09-10T06:59:09.194852486Z,40.600002288818359,celsius
2024-09-10T06:59:12.194896337Z,40.700000762939453,celsius
2024-09-10T06:59:14.194822573Z,40.600002288818359,celsius
2024-09-10T06:59:15.194815254Z,40.700000762939453,celsius
2024-09-10T06:59:16.194889569Z,40.600002288818359,celsius
2024-09-10T06:59:17.194880824Z,40.700000762939453,celsius
2024-09-10T06:59:18.194876858Z,40.600002288818359,celsius
2024-09-10T06:59:37.194758854Z,40.700000762939453,celsius
2024-09-10T06:59:38.194886633Z,40.600002288818359,celsius
2024-09-10T06:59:55.194922703Z,40.5,celsius
2024-09-10T06:59:56.194847932Z,40.600002288818359,celsius
2024-09-10T07:00:02.194903326Z,40.5,celsius
2024-09-10T07:00:03.194902486Z,40.600002288818359,celsius
2024-09-10T07:00:08.194986096Z,40.5,celsius
2024-09-10T07:00:09.194911667Z,40.600002288818359,celsius
2024-09-10T07:00:14.194879044Z,40.5,celsius
2024-09-10T07:00:15.194817564Z,40.600002288818359,celsius
2024-09-10T07:00:20.194883565Z,40.5,celsius
2024-09-10T07:00:24.194777551Z,40.600002288818359,celsius
2024-09-10T07:00:27.194922027Z,40.5,celsius
2024-09-10T07:00:33.194830628Z,40.600002288818359,celsius
2024-09-10T07:00:34.194833749Z,40.5,celsius
2024-09-10T07:00:37.194925145Z,40.600002288818359,celsius
2024-09-10T07:00:40.194858299Z,40.5,celsius
2024-09-10T07:00:46.194899277Z,40.600002288818359,celsius
2024-09-10T07:00:49.194847970Z,40.5,celsius
2024-09-10T07:00:51.194895677Z,40.600002288818359,celsius
2024-09-10T07:00:53.194888513Z,40.5,celsius
2024-09-10T07:01:09.194867950Z,40.600002288818359,celsius
2024-09-10T07:01:10.194850538Z,40.5,celsius
2024-09-10T07:02:10.095003170Z,40.5,celsius
2024-09-10T07:02:16.194889337Z,40.400001525878906,celsius
2024-09-10T07:02:18.194797670Z,40.5,celsius
2024-09-10T07:02:26.194773757Z,40.400001525878906,celsius
2024-09-10T07:02:27.194873657Z,40.5,celsius
2024-09-10T07:03:02.294817565Z,40.400001525878906,celsius
2024-09-10T07:03:03.294843706Z,40.5,celsius
2024-09-10T07:03:15.294907283Z,40.400001525878906,celsius
2024-09-10T07:03:16.294900760Z,40.5,celsius
2024-09-10T07:03:18.294901163Z,40.400001525878906,celsius
2024-09-10T07:03:21.294911487Z,40.5,celsius
2024-09-10T07:03:22.294882321Z,40.400001525878906,celsius
2024-09-10T07:03:23.294925105Z,40.5,celsius
2024-09-10T07:03:25.294861906Z,40.400001525878906,celsius
2024-09-10T07:03:28.294924052Z,40.5,celsius
2024-09-10T07:03:35.294926155Z,40.400001525878906,celsius
2024-09-10T07:03:37.294924641Z,40.5,celsius
2024-09-10T07:03:39.294928684Z,40.400001525878906,celsius
2024-09-10T07:03:41.294921384Z,40.5,celsius
2024-09-10T07:03:42.294921253Z,40.400001525878906,celsius
2024-09-10T07:03:43.294857350Z,40.5,celsius
2024-09-10T07:03:45.294921630Z,40.400001525878906,celsius
2024-09-10T07:03:46.294920273Z,40.5,celsius
2024-09-10T07:03:47.294855665Z,40.400001525878906,celsius
2024-09-10T07:03:53.294916885Z,40.5,celsius
2024-09-10T07:03:55.295147930Z,40.400001525878906,celsius
2024-09-10T07:04:15.294928049Z,40.5,celsius
2024-09-10T07:04:16.294920714Z,40.400001525878906,celsius
2024-09-10T07:05:16.094920983Z,40.400001525878906,celsius
2024-09-10T07:05:45.294798636Z,40.299999237060547,celsius
2024-09-10T07:05:46.294860397Z,40.400001525878906,celsius
2024-09-10T07:06:46.094860176Z,40.400001525878906,celsius
2024-09-10T07:07:26.294919677Z,40.299999237060547,celsius
2024-09-10T07:07:27.294921469Z,40.400001525878906,celsius
2024-09-10T07:07:31.294928306Z,40.299999237060547,celsius
2024-09-10T07:07:32.248593651Z,40.400001525878906,celsius
2024-09-10T07:07:33.248669343Z,40.299999237060547,celsius
2024-09-10T07:07:34.248573604Z,40.400001525878906,celsius
2024-09-10T07:07:40.248697878Z,40.299999237060547,celsius
2024-09-10T07:07:41.248723257Z,40.400001525878906,celsius
2024-09-10T07:07:43.248701399Z,40.299999237060547,celsius
2024-09-10T07:07:44.248701367Z,40.400001525878906,celsius
2024-09-10T07:07:50.248721330Z,40.299999237060547,celsius
2024-09-10T07:07:52.248672407Z,40.400001525878906,celsius
2024-09-10T07:08:01.248657978Z,40.299999237060547,celsius
2024-09-10T07:08:02.248624626Z,40.400001525878906,celsius
2024-09-10T07:08:03.256033467Z,40.299999237060547,celsius
2024-09-10T07:08:04.256163018Z,40.400001525878906,celsius
2024-09-10T07:08:16.256144905Z,40.299999237060547,celsius
2024-09-10T07:08:18.256127507Z,40.400001525878906,celsius
2024-09-10T07:08:26.256271912Z,40.299999237060547,celsius
2024-09-10T07:08:28.256121344Z,40.400001525878906,celsius
2024-09-10T07:08:30.256052648Z,40.299999237060547,celsius
2024-09-10T07:08:32.256074185Z,40.400001525878906,celsius
2024-09-10T07:08:36.256128306Z,40.299999237060547,celsius
2024-09-10T07:08:37.256083895Z,40.400001525878906,celsius
2024-09-10T07:08:55.256131361Z,40.299999237060547,celsius
2024-09-10T07:08:56.256070429Z,40.400001525878906,celsius
2024-09-10T07:09:56.056117939Z,40.400001525878906,celsius
2024-09-10T07:10:00.356197545Z,40.299999237060547,celsius
2024-09-10T07:10:01.356038210Z,40.400001525878906,celsius
2024-09-10T07:10:18.356155605Z,40.299999237060547,celsius
2024-09-10T07:10:19.356155586Z,40.400001525878906,celsius
2024-09-10T07:10:27.356178669Z,40.299999237060547,celsius
2024-09-10T07:10:28.356180638Z,40.400001525878906,celsius
2024-09-10T07:10:41.356182696Z,40.299999237060547,celsius
2024-09-10T07:10:42.356179673Z,40.400001525878906,celsius
2024-09-10T07:10:45.356181486Z,40.299999237060547,celsius
2024-09-10T07:10:46.356182517Z,40.400001525878906,celsius
2024-09-10T07:10:50.356178984Z,40.299999237060547,celsius
2024-09-10T07:10:51.356174123Z,40.400001525878906,celsius
2024-09-10T07:10:53.356173236Z,40.299999237060547,celsius
2024-09-10T07:10:54.356113456Z,40.400001525878906,celsius
2024-09-10T07:10:58.356163081Z,40.299999237060547,celsius
2024-09-10T07:10:59.356215047Z,40.400001525878906,celsius
2024-09-10T07:11:02.356143276Z,40.299999237060547,celsius
2024-09-10T07:11:03.356198431Z,40.400001525878906,celsius
2024-09-10T07:11:04.356140008Z,40.299999237060547,celsius
2024-09-10T07:11:06.356174409Z,40.400001525878906,celsius
2024-09-10T07:11:07.356111154Z,40.299999237060547,celsius
2024-09-10T07:11:08.356109192Z,40.400001525878906,celsius
2024-09-10T07:11:09.356174873Z,40.299999237060547,celsius
2024-09-10T07:11:11.356115930Z,40.400001525878906,celsius
2024-09-10T07:11:17.356180197Z,40.299999237060547,celsius
2024-09-10T07:11:21.356174856Z,40.400001525878906,celsius
2024-09-10T07:11:27.356175618Z,40.299999237060547,celsius
2024-09-10T07:11:28.356173680Z,40.400001525878906,celsius
2024-09-10T07:11:32.356110998Z,40.299999237060547,celsius
2024-09-10T07:11:33.356165387Z,40.400001525878906,celsius
2024-09-10T07:11:54.356176214Z,40.299999237060547,celsius
2024-09-10T07:11:59.356071104Z,40.400001525878906,celsius
2024-09-10T07:12:01.356021218Z,40.299999237060547,celsius
2024-09-10T07:12:02.356152763Z,40.400001525878906,celsius
2024-09-10T07:12:04.356175615Z,40.299999237060547,celsius
2024-09-10T07:12:06.356174908Z,40.400001525878906,celsius
2024-09-10T07:12:08.473559762Z,40.299999237060547,celsius
2024-09-10T07:12:12.373733170Z,40.400001525878906,celsius
2024-09-10T07:12:14.373553689Z,40.299999237060547,celsius
2024-09-10T07:12:15.373553894Z,40.400001525878906,celsius
2024-09-10T07:12:17.373548341Z,40.299999237060547,celsius
2024-09-10T07:12:19.373537708Z,40.400001525878906,celsius
2024-09-10T07:12:21.373563407Z,40.299999237060547,celsius
2024-09-10T07:12:24.373562763Z,40.400001525878906,celsius
2024-09-10T07:12:25.373562699Z,40.299999237060547,celsius
2024-09-10T07:12:28.373460474Z,40.400001525878906,celsius
2024-09-10T07:12:31.373498289Z,40.299999237060547,celsius
2024-09-10T07:12:32.373499732Z,40.400001525878906,celsius
2024-09-10T07:12:33.373390885Z,40.299999237060547,celsius
2024-09-10T07:12:37.373561436Z,40.400001525878906,celsius
2024-09-10T07:12:38.373562535Z,40.299999237060547,celsius
2024-09-10T07:12:39.373561808Z,40.400001525878906,celsius
2024-09-10T07:12:41.373562991Z,40.299999237060547,celsius
2024-09-10T07:13:41.073524615Z,40.299999237060547,celsius
2024-09-10T07:14:08.373513144Z,40.200000762939453,celsius
2024-09-10T07:14:11.373573496Z,40.299999237060547,celsius
2024-09-10T07:14:22.373528268Z,40.200000762939453,celsius
2024-09-10T07:14:23.373498028Z,40.299999237060547,celsius
2024-09-10T07:14:39.373566413Z,40.200000762939453,celsius
2024-09-10T07:14:40.373501210Z,40.299999237060547,celsius
2024-09-10T07:14:45.373518047Z,40.200000762939453,celsius
2024-09-10T07:14:46.373558997Z,40.299999237060547,celsius
2024-09-10T07:14:48.373563472Z,40.200000762939453,celsius
2024-09-10T07:14:49.373562082Z,40.299999237060547,celsius
2024-09-10T07:15:01.373440060Z,40.200000762939453,celsius
2024-09-10T07:15:04.373547569Z,40.299999237060547,celsius
2024-09-10T07:15:05.373499850Z,40.200000762939453,celsius
2024-09-10T07:15:07.373387620Z,40.299999237060547,celsius
2024-09-10T07:15:09.373561305Z,40.200000762939453,celsius
2024-09-10T07:15:12.373391466Z,40.299999237060547,celsius
2024-09-10T07:15:15.373526432Z,40.200000762939453,celsius
2024-09-10T07:15:16.373561923Z,40.299999237060547,celsius
2024-09-10T07:15:20.373436286Z,40.200000762939453,celsius
2024-09-10T07:15:21.373524236Z,40.299999237060547,celsius
2024-09-10T07:15:22.373528151Z,40.200000762939453,celsius
2024-09-10T07:15:24.373595522Z,40.299999237060547,celsius
2024-09-10T07:15:27.373556170Z,40.200000762939453,celsius
2024-09-10T07:15:29.373553446Z,40.299999237060547,celsius
2024-09-10T07:15:31.373555060Z,40.200000762939453,celsius
2024-09-10T07:15:32.373562896Z,40.299999237060547,celsius
2024-09-10T07:15:34.373569200Z,40.200000762939453,celsius
2024-09-10T07:15:35.373491715Z,40.299999237060547,celsius
2024-09-10T07:15:45.373466885Z,40.200000762939453,celsius
2024-09-10T07:15:46.373412360Z,40.299999237060547,celsius
2024-09-10T07:15:51.373568023Z,40.200000762939453,celsius
2024-09-10T07:15:52.373533782Z,40.299999237060547,celsius
2024-09-10T07:15:53.373565080Z,40.200000762939453,celsius
2024-09-10T07:15:55.373567437Z,40.299999237060547,celsius
2024-09-10T07:15:57.373567259Z,40.200000762939453,celsius
2024-09-10T07:15:58.373565564Z,40.299999237060547,celsius
2024-09-10T07:15:59.373568755Z,40.200000762939453,celsius
2024-09-10T07:16:00.373563387Z,40.299999237060547,celsius
2024-09-10T07:16:04.373568717Z,40.200000762939453,celsius
2024-09-10T07:16:05.373530961Z,40.299999237060547,celsius
2024-09-10T07:16:06.373543581Z,40.200000762939453,celsius
2024-09-10T07:16:10.373680705Z,40.299999237060547,celsius
2024-09-10T07:16:11.373498215Z,40.200000762939453,celsius
2024-09-10T07:16:12.373456411Z,40.299999237060547,celsius
2024-09-10T07:16:13.373545900Z,40.200000762939453,celsius
2024-09-10T07:16:15.373564622Z,40.299999237060547,celsius
2024-09-10T07:16:16.373562328Z,40.200000762939453,celsius
2024-09-10T07:16:19.373564956Z,40.299999237060547,celsius
2024-09-10T07:16:20.373566962Z,40.200000762939453,celsius
2024-09-10T07:16:25.373564580Z,40.299999237060547,celsius
2024-09-10T07:16:26.373562961Z,40.200000762939453,celsius
2024-09-10T07:16:27.373499165Z,40.299999237060547,celsius
2024-09-10T07:16:30.373526946Z,40.200000762939453,celsius
2024-09-10T07:16:40.373559953Z,40.299999237060547,celsius
2024-09-10T07:16:41.373549592Z,40.200000762939453,celsius
2024-09-10T07:16:48.373490745Z,40.299999237060547,celsius
2024-09-10T07:16:50.373529709Z,40.200000762939453,celsius
2024-09-10T07:16:55.373565615Z,40.299999237060547,celsius
2024-09-10T07:16:56.373561336Z,40.200000762939453,celsius
2024-09-10T07:17:03.373436862Z,40.299999237060547,celsius
2024-09-10T07:17:05.373564308Z,40.200000762939453,celsius
2024-09-10T07:17:13.373524617Z,40.299999237060547,celsius
2024-09-10T07:17:14.373526098Z,40.200000762939453,celsius
2024-09-10T07:17:19.373524631Z,40.299999237060547,celsius
2024-09-10T07:17:20.373520910Z,40.200000762939453,celsius
2024-09-10T07:17:22.373594121Z,40.299999237060547,celsius
2024-09-10T07:17:23.373609716Z,40.200000762939453,celsius
2024-09-10T07:17:35.373442168Z,40.299999237060547,celsius
2024-09-10T07:17:39.373524172Z,40.200000762939453,celsius
2024-09-10T07:17:40.373409512Z,40.299999237060547,celsius
2024-09-10T07:17:41.373527545Z,40.200000762939453,celsius
2024-09-10T07:17:50.373565949Z,40.299999237060547,celsius
2024-09-10T07:17:51.373529796Z,40.200000762939453,celsius
2024-09-10T07:18:40.373545326Z,40.100002288818359,celsius
2024-09-10T07:18:41.373542936Z,40.200000762939453,celsius
2024-09-10T07:18:43.373536269Z,40.100002288818359,celsius
2024-09-10T07:18:45.373415343Z,40.200000762939453,celsius
2024-09-10T07:18:48.373527674Z,40.100002288818359,celsius
2024-09-10T07:18:49.373526828Z,40.200000762939453,celsius
2024-09-10T07:18:53.373524812Z,40.100002288818359,celsius
2024-09-10T07:18:54.373525178Z,40.200000762939453,celsius
2024-09-10T07:18:56.373525662Z,40.100002288818359,celsius
2024-09-10T07:18:57.373523996Z,40.200000762939453,celsius
2024-09-10T07:18:58.373525502Z,40.100002288818359,celsius
2024-09-10T07:18:59.373524752Z,40.200000762939453,celsius
2024-09-10T07:19:00.373527178Z,40.100002288818359,celsius
2024-09-10T07:19:02.373432045Z,40.200000762939453,celsius
2024-09-10T07:19:05.373527287Z,40.100002288818359,celsius
2024-09-10T07:19:06.373525165Z,40.200000762939453,celsius
2024-09-10T07:19:13.373470081Z,40.100002288818359,celsius
2024-09-10T07:19:14.373585719Z,40.200000762939453,celsius
2024-09-10T07:19:18.373556733Z,40.100002288818359,celsius
2024-09-10T07:19:21.373557448Z,40.200000762939453,celsius
2024-09-10T07:19:22.373514698Z,40.100002288818359,celsius
2024-09-10T07:19:24.373529546Z,40.200000762939453,celsius
2024-09-10T07:19:25.373531094Z,40.100002288818359,celsius
2024-09-10T07:19:26.373528492Z,40.200000762939453,celsius
2024-09-10T07:19:28.373528289Z,40.100002288818359,celsius
2024-09-10T07:19:29.373530796Z,40.200000762939453,celsius
2024-09-10T07:19:30.373500233Z,40.100002288818359,celsius
2024-09-10T07:19:31.373477075Z,40.200000762939453,celsius
2024-09-10T07:19:33.373524836Z,40.100002288818359,celsius
2024-09-10T07:19:34.373528912Z,40.200000762939453,celsius
2024-09-10T07:19:35.373474625Z,40.100002288818359,celsius
2024-09-10T07:19:38.373525037Z,40.200000762939453,celsius
2024-09-10T07:19:40.373585163Z,40.100002288818359,celsius
2024-09-10T07:19:42.373529184Z,40.200000762939453,celsius
2024-09-10T07:19:43.373528095Z,40.100002288818359,celsius
2024-09-10T07:19:52.373530263Z,40.200000762939453,celsius
2024-09-10T07:19:53.373540820Z,40.100002288818359,celsius
2024-09-10T07:20:01.373435926Z,40.200000762939453,celsius
2024-09-10T07:20:03.373413563Z,40.100002288818359,celsius
2024-09-10T07:20:45.373475916Z,40,celsius
2024-09-10T07:20:47.373527718Z,40.100002288818359,celsius
2024-09-10T07:21:07.373528146Z,40,celsius
2024-09-10T07:21:14.373574933Z,40.100002288818359,celsius
2024-09-10T07:21:16.373516108Z,40,celsius
2024-09-10T07:21:19.373515190Z,40.100002288818359,celsius
2024-09-10T07:21:20.373531163Z,40,celsius
2024-09-10T07:22:08.373531682Z,39.900001525878906,celsius
2024-09-10T07:22:09.373526416Z,40,celsius
2024-09-10T07:22:14.373532636Z,39.900001525878906,celsius
2024-09-10T07:22:15.373533450Z,40,celsius
2024-09-10T07:22:16.373474042Z,39.900001525878906,celsius
2024-09-10T07:22:19.373527696Z,40,celsius
2024-09-10T07:22:22.373529221Z,39.900001525878906,celsius
2024-09-10T07:22:23.373527298Z,40,celsius
2024-09-10T07:22:27.373654431Z,39.900001525878906,celsius
2024-09-10T07:22:28.373512985Z,40,celsius
2024-09-10T07:22:30.373507184Z,39.900001525878906,celsius
2024-09-10T07:22:37.376356651Z,40,celsius
2024-09-10T07:22:38.376358285Z,39.900001525878906,celsius
2024-09-10T07:22:45.376420313Z,40,celsius
2024-09-10T07:22:47.376414649Z,39.900001525878906,celsius
2024-09-10T07:22:48.376358090Z,40,celsius
2024-09-10T07:22:50.376300665Z,39.900001525878906,celsius
2024-09-10T07:22:56.376415120Z,40,celsius
2024-09-10T07:22:57.476428402Z,39.900001525878906,celsius
2024-09-10T07:23:27.476443207Z,39.799999237060547,celsius
2024-09-10T07:23:28.476442512Z,39.900001525878906,celsius
2024-09-10T07:23:30.476466083Z,39.799999237060547,celsius
2024-09-10T07:23:31.476447001Z,39.900001525878906,celsius
2024-09-10T07:23:39.476444164Z,39.799999237060547,celsius
2024-09-10T07:23:41.476383543Z,39.900001525878906,celsius
2024-09-10T07:23:44.476610487Z,39.799999237060547,celsius
2024-09-10T07:23:46.476479535Z,39.900001525878906,celsius
2024-09-10T07:23:47.476431163Z,39.799999237060547,celsius
2024-09-10T07:23:50.476441799Z,39.900001525878906,celsius
2024-09-10T07:23:52.476442291Z,39.799999237060547,celsius
2024-09-10T07:23:53.476440668Z,39.900001525878906,celsius
2024-09-10T07:23:55.476450002Z,39.799999237060547,celsius
2024-09-10T07:23:56.476440957Z,39.900001525878906,celsius
2024-09-10T07:24:01.476444314Z,39.799999237060547,celsius
2024-09-10T07:24:04.476436244Z,39.900001525878906,celsius
2024-09-10T07:24:07.476343609Z,39.799999237060547,celsius
2024-09-10T07:24:09.476435116Z,39.900001525878906,celsius
2024-09-10T07:24:11.476380969Z,39.799999237060547,celsius
2024-09-10T07:24:15.476391507Z,39.900001525878906,celsius
2024-09-10T07:24:17.476301347Z,39.799999237060547,celsius
2024-09-10T07:24:21.476420775Z,39.900001525878906,celsius
2024-09-10T07:24:22.476424310Z,39.799999237060547,celsius
2024-09-10T07:24:26.476420309Z,39.900001525878906,celsius
2024-09-10T07:24:27.476425573Z,39.799999237060547,celsius
2024-09-10T07:24:43.476441973Z,39.900001525878906,celsius
2024-09-10T07:24:44.476437203Z,39.799999237060547,celsius
2024-09-10T07:24:46.476380081Z,39.700000762939453,celsius
2024-09-10T07:24:47.476380Z,39.799999237060547,celsius
2024-09-10T07:25:19.476440608Z,39.700000762939453,celsius
2024-09-10T07:25:20.476448259Z,39.799999237060547,celsius
2024-09-10T07:25:22.476441222Z,39.700000762939453,celsius
2024-09-10T07:25:23.476441291Z,39.799999237060547,celsius
2024-09-10T07:25:43.476410435Z,39.700000762939453,celsius
2024-09-10T07:25:44.476441148Z,39.799999237060547,celsius
2024-09-10T07:25:57.476442392Z,39.700000762939453,celsius
2024-09-10T07:25:59.476443469Z,39.799999237060547,celsius
2024-09-10T07:26:03.476327616Z,39.700000762939453,celsius
2024-09-10T07:26:08.476443218Z,39.799999237060547,celsius
2024-09-10T07:26:10.476471711Z,39.700000762939453,celsius
2024-09-10T07:26:12.476493854Z,39.799999237060547,celsius
2024-09-10T07:26:20.476431722Z,39.700000762939453,celsius
2024-09-10T07:26:24.476870367Z,39.799999237060547,celsius
2024-09-10T07:26:25.476307069Z,39.700000762939453,celsius
2024-09-10T07:26:26.476385440Z,39.799999237060547,celsius
2024-09-10T07:26:27.476384951Z,39.700000762939453,celsius
2024-09-10T07:26:56.476435838Z,39.799999237060547,celsius
2024-09-10T07:26:57.476439775Z,39.700000762939453,celsius
2024-09-10T07:27:57.076347947Z,39.700000762939453,celsius
2024-09-10T07:28:01.476270006Z,39.600002288818359,celsius
2024-09-10T07:28:03.476477468Z,39.700000762939453,celsius
2024-09-10T07:28:46.476414218Z,39.600002288818359,celsius
2024-09-10T07:28:47.476439531Z,39.700000762939453,celsius
2024-09-10T07:28:58.476450841Z,39.600002288818359,celsius
2024-09-10T07:29:04.476433604Z,39.700000762939453,celsius
2024-09-10T07:29:13.476419341Z,39.600002288818359,celsius
2024-09-10T07:29:14.476437142Z,39.700000762939453,celsius
2024-09-10T07:29:15.476453053Z,39.600002288818359,celsius
2024-09-10T07:29:16.476424888Z,39.700000762939453,celsius
2024-09-10T07:29:19.476418134Z,39.600002288818359,celsius
2024-09-10T07:29:20.476296592Z,39.700000762939453,celsius
2024-09-10T07:29:25.476458711Z,39.600002288818359,celsius
2024-09-10T07:29:26.476414460Z,39.700000762939453,celsius
2024-09-10T07:29:29.476431595Z,39.600002288818359,celsius
2024-09-10T07:29:30.476442566Z,39.700000762939453,celsius
2024-09-10T07:29:34.476483122Z,39.600002288818359,celsius
2024-09-10T07:29:36.476422914Z,39.700000762939453,celsius
2024-09-10T07:29:44.476413546Z,39.600002288818359,celsius
2024-09-10T07:29:45.476417619Z,39.700000762939453,celsius
2024-09-10T07:29:47.476415654Z,39.600002288818359,celsius
2024-09-10T07:29:48.476413560Z,39.700000762939453,celsius
2024-09-10T07:29:50.476279189Z,39.600002288818359,celsius
2024-09-10T07:29:52.476415481Z,39.700000762939453,celsius
2024-09-10T07:30:03.476304969Z,39.600002288818359,celsius
2024-09-10T07:30:04.476436644Z,39.700000762939453,celsius
2024-09-10T07:30:05.476421673Z,39.600002288818359,celsius
2024-09-10T07:30:06.476414575Z,39.700000762939453,celsius
2024-09-10T07:30:07.476414977Z,39.600002288818359,celsius
2024-09-10T07:30:09.476421472Z,39.700000762939453,celsius
2024-09-10T07:30:11.476426133Z,39.600002288818359,celsius
2024-09-10T07:30:13.476474199Z,39.700000762939453,celsius
2024-09-10T07:30:14.476535181Z,39.600002288818359,celsius
2024-09-10T07:30:17.476448706Z,39.700000762939453,celsius
2024-09-10T07:30:18.476330104Z,39.600002288818359,celsius
2024-09-10T07:30:23.476293177Z,39.700000762939453,celsius
2024-09-10T07:30:24.476402334Z,39.600002288818359,celsius
2024-09-10T07:30:25.476331250Z,39.700000762939453,celsius
2024-09-10T07:30:26.476290883Z,39.600002288818359,celsius
2024-09-10T07:30:27.476358991Z,39.700000762939453,celsius
2024-09-10T07:30:29.476413891Z,39.600002288818359,celsius
2024-09-10T07:30:32.476402550Z,39.700000762939453,celsius
2024-09-10T07:30:33.476415771Z,39.600002288818359,celsius
2024-09-10T07:30:35.476424189Z,39.700000762939453,celsius
2024-09-10T07:30:38.476415808Z,39.600002288818359,celsius
2024-09-10T07:30:40.476381878Z,39.700000762939453,celsius
2024-09-10T07:30:41.476418822Z,39.600002288818359,celsius
2024-09-10T07:30:44.476442934Z,39.700000762939453,celsius
2024-09-10T07:30:45.476424826Z,39.600002288818359,celsius
2024-09-10T07:30:47.476417319Z,39.700000762939453,celsius
2024-09-10T07:30:51.476431756Z,39.600002288818359,celsius
2024-09-10T07:30:52.476427038Z,39.700000762939453,celsius
2024-09-10T07:30:55.476448210Z,39.600002288818359,celsius
2024-09-10T07:30:57.476360031Z,39.700000762939453,celsius
2024-09-10T07:31:00.476424687Z,39.600002288818359,celsius
2024-09-10T07:31:02.476311282Z,39.700000762939453,celsius
2024-09-10T07:31:04.476386400Z,39.600002288818359,celsius
2024-09-10T07:31:06.476359498Z,39.700000762939453,celsius
2024-09-10T07:31:08.476435022Z,39.600002288818359,celsius
2024-09-10T07:31:11.476414469Z,39.700000762939453,celsius
2024-09-10T07:31:16.476415420Z,39.600002288818359,celsius
2024-09-10T07:31:17.476415212Z,39.700000762939453,celsius
2024-09-10T07:31:19.476414700Z,39.600002288818359,celsius
2024-09-10T07:31:27.476416903Z,39.700000762939453,celsius
2024-09-10T07:31:32.476401421Z,39.600002288818359,celsius
2024-09-10T07:31:33.476458833Z,39.700000762939453,celsius
2024-09-10T07:31:34.476414663Z,39.600002288818359,celsius
2024-09-10T07:31:36.476416567Z,39.700000762939453,celsius
2024-09-10T07:31:43.476414428Z,39.600002288818359,celsius
2024-09-10T07:31:47.476400957Z,39.700000762939453,celsius
2024-09-10T07:31:52.476434555Z,39.600002288818359,celsius
2024-09-10T07:31:53.476394858Z,39.700000762939453,celsius
2024-09-10T07:31:56.476408710Z,39.600002288818359,celsius
2024-09-10T07:31:57.476414700Z,39.700000762939453,celsius
2024-09-10T07:32:01.476416271Z,39.600002288818359,celsius
2024-09-10T07:32:02.476296731Z,39.700000762939453,celsius
2024-09-10T07:32:05.476474828Z,39.600002288818359,celsius
2024-09-10T07:32:06.476416817Z,39.700000762939453,celsius
2024-09-10T07:32:07.476404501Z,39.600002288818359,celsius
2024-09-10T07:32:08.476399196Z,39.700000762939453,celsius
2024-09-10T07:32:09.476482445Z,39.600002288818359,celsius
2024-09-10T07:32:12.476301906Z,39.700000762939453,celsius
2024-09-10T07:32:13.476341684Z,39.600002288818359,celsius
2024-09-10T07:32:14.476427869Z,39.700000762939453,celsius
2024-09-10T07:32:17.476401972Z,39.600002288818359,celsius
2024-09-10T07:32:21.476415771Z,39.700000762939453,celsius
2024-09-10T07:32:24.476413467Z,39.600002288818359,celsius
2024-09-10T07:32:25.476440630Z,39.700000762939453,celsius
2024-09-10T07:32:32.476324734Z,39.600002288818359,celsius
2024-09-10T07:32:41.476402939Z,39.700000762939453,celsius
2024-09-10T07:32:42.476439080Z,39.600002288818359,celsius
2024-09-10T07:32:43.476398663Z,39.700000762939453,celsius
2024-09-10T07:32:46.476389486Z,39.600002288818359,celsius
2024-09-10T07:32:47.476392239Z,39.700000762939453,celsius
2024-09-10T07:32:52.476414588Z,39.600002288818359,celsius
2024-09-10T07:32:53.476415109Z,39.700000762939453,celsius
2024-09-10T07:32:57.476398098Z,39.600002288818359,celsius
2024-09-10T07:32:58.476428693Z,39.700000762939453,celsius
2024-09-10T07:32:59.476406676Z,39.600002288818359,celsius
2024-09-10T07:33:00.476293534Z,39.700000762939453,celsius
2024-09-10T07:33:01.476433Z,39.600002288818359,celsius
2024-09-10T07:33:04.476404265Z,39.700000762939453,celsius
2024-09-10T07:33:05.476421420Z,39.600002288818359,celsius
2024-09-10T07:33:07.476348137Z,39.700000762939453,celsius
2024-09-10T07:33:08.476344883Z,39.600002288818359,celsius
2024-09-10T07:33:09.476402799Z,39.700000762939453,celsius
2024-09-10T07:33:24.476401806Z,39.600002288818359,celsius
2024-09-10T07:33:25.476398190Z,39.700000762939453,celsius
2024-09-10T07:33:27.476380010Z,39.600002288818359,celsius
2024-09-10T07:33:28.476422632Z,39.700000762939453,celsius
2024-09-10T07:33:32.476413339Z,39.600002288818359,celsius
2024-09-10T07:33:36.509396553Z,39.700000762939453,celsius
2024-09-10T07:33:37.509455409Z,39.600002288818359,celsius
2024-09-10T07:33:38.509455293Z,39.700000762939453,celsius
2024-09-10T07:33:41.509456911Z,39.600002288818359,celsius
2024-09-10T07:33:49.509455762Z,39.700000762939453,celsius
2024-09-10T07:33:50.509476021Z,39.600002288818359,celsius
2024-09-10T07:33:58.509461922Z,39.700000762939453,celsius
2024-09-10T07:33:59.509452754Z,39.600002288818359,celsius
2024-09-10T07:34:08.509451736Z,39.700000762939453,celsius
2024-09-10T07:34:09.509315035Z,39.600002288818359,celsius
2024-09-10T07:34:16.509398192Z,39.700000762939453,celsius
2024-09-10T07:34:17.509397840Z,39.600002288818359,celsius
2024-09-10T07:34:22.509451088Z,39.700000762939453,celsius
2024-09-10T07:34:24.509451594Z,39.600002288818359,celsius
2024-09-10T07:34:26.509451909Z,39.700000762939453,celsius
2024-09-10T07:34:27.509450499Z,39.600002288818359,celsius
2024-09-10T07:34:28.509451055Z,39.700000762939453,celsius
2024-09-10T07:34:29.509452564Z,39.600002288818359,celsius
2024-09-10T07:34:37.509446174Z,39.700000762939453,celsius
2024-09-10T07:34:38.509523630Z,39.600002288818359,celsius
2024-09-10T07:34:48.509312837Z,39.700000762939453,celsius
2024-09-10T07:34:49.509451528Z,39.600002288818359,celsius
2024-09-10T07:35:11.509489149Z,39.700000762939453,celsius
2024-09-10T07:35:12.509451087Z,39.600002288818359,celsius
2024-09-10T07:35:18.509439869Z,39.5,celsius
2024-09-10T07:35:19.509465254Z,39.600002288818359,celsius
2024-09-10T07:36:00.509447258Z,39.5,celsius
2024-09-10T07:36:01.509456100Z,39.600002288818359,celsius
2024-09-10T07:36:04.509438175Z,39.5,celsius
2024-09-10T07:36:05.509458410Z,39.600002288818359,celsius
2024-09-10T07:36:06.509311439Z,39.5,celsius
2024-09-10T07:36:08.509438107Z,39.600002288818359,celsius
2024-09-10T07:36:15.509459310Z,39.5,celsius
2024-09-10T07:36:19.509360243Z,39.600002288818359,celsius
2024-09-10T07:36:30.509460792Z,39.5,celsius
2024-09-10T07:36:31.509432872Z,39.600002288818359,celsius
2024-09-10T07:36:38.509488935Z,39.5,celsius
2024-09-10T07:36:39.509410814Z,39.600002288818359,celsius
2024-09-10T07:36:44.509450985Z,39.5,celsius
2024-09-10T07:36:45.509458491Z,39.600002288818359,celsius
2024-09-10T07:36:47.509438418Z,39.5,celsius
2024-09-10T07:36:48.509452157Z,39.600002288818359,celsius
2024-09-10T07:36:50.509327114Z,39.5,celsius
2024-09-10T07:36:51.509455454Z,39.600002288818359,celsius
2024-09-10T07:36:53.509452183Z,39.5,celsius
2024-09-10T07:36:54.509453937Z,39.600002288818359,celsius
2024-09-10T07:36:55.509388386Z,39.5,celsius
2024-09-10T07:36:56.509453396Z,39.600002288818359,celsius
2024-09-10T07:36:58.509452457Z,39.5,celsius
2024-09-10T07:37:00.509316377Z,39.600002288818359,celsius
2024-09-10T07:37:02.509412445Z,39.5,celsius
2024-09-10T07:37:03.509368016Z,39.600002288818359,celsius
2024-09-10T07:37:04.509449880Z,39.5,celsius
2024-09-10T07:37:05.509400155Z,39.600002288818359,celsius
2024-09-10T07:37:14.609721778Z,39.5,celsius
2024-09-10T07:37:15.609693921Z,39.600002288818359,celsius
2024-09-10T07:37:16.609746638Z,39.5,celsius
2024-09-10T07:37:17.609716374Z,39.600002288818359,celsius
2024-09-10T07:37:19.609910199Z,39.5,celsius
2024-09-10T07:37:21.609893536Z,39.600002288818359,celsius
2024-09-10T07:37:22.609729940Z,39.5,celsius
2024-09-10T07:37:23.609896669Z,39.600002288818359,celsius
2024-09-10T07:37:30.609901078Z,39.5,celsius
2024-09-10T07:37:31.609893356Z,39.600002288818359,celsius
2024-09-10T07:37:38.609736750Z,39.5,celsius
2024-09-10T07:37:40.609742665Z,39.600002288818359,celsius
2024-09-10T07:37:42.609885768Z,39.5,celsius
2024-09-10T07:37:43.609733499Z,39.600002288818359,celsius
2024-09-10T07:37:49.609854962Z,39.5,celsius
2024-09-10T07:37:50.609710515Z,39.600002288818359,celsius
2024-09-10T07:37:51.609667506Z,39.5,celsius
2024-09-10T07:37:53.609732985Z,39.600002288818359,celsius
2024-09-10T07:38:09.609899461Z,39.5,celsius
2024-09-10T07:38:10.609903625Z,39.600002288818359,celsius
2024-09-10T07:38:14.609898479Z,39.5,celsius
2024-09-10T07:38:15.609894952Z,39.600002288818359,celsius
2024-09-10T07:38:34.609653594Z,39.5,celsius
2024-09-10T07:38:36.609518343Z,39.600002288818359,celsius
2024-09-10T07:38:37.609899733Z,39.5,celsius
2024-09-10T07:38:38.609522629Z,39.600002288818359,celsius
2024-09-10T07:38:56.609893406Z,39.5,celsius
2024-09-10T07:38:57.609862747Z,39.600002288818359,celsius
2024-09-10T07:39:04.609740344Z,39.5,celsius
2024-09-10T07:39:05.609682947Z,39.600002288818359,celsius
2024-09-10T07:39:15.609891675Z,39.5,celsius
2024-09-10T07:39:16.609900308Z,39.600002288818359,celsius
2024-09-10T07:39:21.609867176Z,39.5,celsius
2024-09-10T07:39:22.609890221Z,39.600002288818359,celsius
2024-09-10T07:39:25.609888498Z,39.5,celsius
2024-09-10T07:39:27.609892418Z,39.600002288818359,celsius
2024-09-10T07:39:36.609657712Z,39.5,celsius
2024-09-10T07:39:37.609747937Z,39.600002288818359,celsius
2024-09-10T07:39:42.609899484Z,39.5,celsius
2024-09-10T07:39:43.609729208Z,39.600002288818359,celsius
2024-09-10T07:39:48.609707436Z,39.5,celsius
2024-09-10T07:39:53.609513819Z,39.600002288818359,celsius
2024-09-10T07:39:55.609853907Z,39.5,celsius
2024-09-10T07:39:56.609890587Z,39.600002288818359,celsius
2024-09-10T07:40:00.609929687Z,39.5,celsius
2024-09-10T07:40:01.609868402Z,39.600002288818359,celsius
2024-09-10T07:40:03.609565806Z,39.5,celsius
2024-09-10T07:40:04.609676437Z,39.600002288818359,celsius
2024-09-10T07:40:06.609736805Z,39.5,celsius
2024-09-10T07:40:09.609517964Z,39.600002288818359,celsius
2024-09-10T07:40:10.609742545Z,39.5,celsius
2024-09-10T07:40:12.609592013Z,39.600002288818359,celsius
2024-09-10T07:40:13.609754706Z,39.5,celsius
2024-09-10T07:40:16.609542673Z,39.600002288818359,celsius
2024-09-10T07:40:17.609742153Z,39.5,celsius
2024-09-10T07:40:18.609646597Z,39.600002288818359,celsius
2024-09-10T07:40:21.609869385Z,39.5,celsius
2024-09-10T07:40:22.609698416Z,39.600002288818359,celsius
2024-09-10T07:40:24.609691695Z,39.5,celsius
2024-09-10T07:40:25.609688632Z,39.600002288818359,celsius
2024-09-10T07:40:27.609756134Z,39.5,celsius
2024-09-10T07:40:29.609663929Z,39.600002288818359,celsius
2024-09-10T07:40:30.609899421Z,39.5,celsius
2024-09-10T07:40:34.609904906Z,39.600002288818359,celsius
2024-09-10T07:40:35.609862904Z,39.5,celsius
2024-09-10T07:40:37.609877107Z,39.600002288818359,celsius
2024-09-10T07:40:38.609902200Z,39.5,celsius
2024-09-10T07:40:42.609913419Z,39.600002288818359,celsius
2024-09-10T07:40:49.609749195Z,39.5,celsius
2024-09-10T07:40:50.609904197Z,39.600002288818359,celsius
2024-09-10T07:40:51.609888213Z,39.5,celsius
2024-09-10T07:40:53.609549683Z,39.600002288818359,celsius
2024-09-10T07:40:54.609877274Z,39.5,celsius
2024-09-10T07:40:56.609885132Z,39.600002288818359,celsius
2024-09-10T07:40:59.609865714Z,39.5,celsius
2024-09-10T07:41:03.609744907Z,39.600002288818359,celsius
2024-09-10T07:41:11.609639640Z,39.5,celsius
2024-09-10T07:41:12.609867335Z,39.600002288818359,celsius
2024-09-10T07:41:14.609909799Z,39.5,celsius
2024-09-10T07:41:15.609638967Z,39.600002288818359,celsius
2024-09-10T07:41:16.609902820Z,39.5,celsius
2024-09-10T07:41:17.609522165Z,39.600002288818359,celsius
2024-09-10T07:41:18.609898724Z,39.5,celsius
2024-09-10T07:41:19.609647325Z,39.600002288818359,celsius
2024-09-10T07:41:21.609897256Z,39.5,celsius
2024-09-10T07:41:26.609883622Z,39.600002288818359,celsius
2024-09-10T07:41:37.609899574Z,39.5,celsius
2024-09-10T07:41:38.609688824Z,39.600002288818359,celsius
2024-09-10T07:41:41.609675633Z,39.5,celsius
2024-09-10T07:41:42.609703322Z,39.600002288818359,celsius
2024-09-10T07:41:44.609749586Z,39.5,celsius
2024-09-10T07:41:50.609778807Z,39.600002288818359,celsius
2024-09-10T07:41:54.609754915Z,39.5,celsius
2024-09-10T07:41:55.609878356Z,39.600002288818359,celsius
2024-09-10T07:42:00.609904662Z,39.5,celsius
2024-09-10T07:42:01.609523387Z,39.600002288818359,celsius
2024-09-10T07:42:03.609724091Z,39.5,celsius
2024-09-10T07:42:05.609892842Z,39.600002288818359,celsius
2024-09-10T07:42:06.609895573Z,39.5,celsius
2024-09-10T07:42:09.609865268Z,39.600002288818359,celsius
2024-09-10T07:42:10.609933379Z,39.5,celsius
2024-09-10T07:42:12.609904701Z,39.600002288818359,celsius
2024-09-10T07:42:21.609782612Z,39.5,celsius
2024-09-10T07:42:24.609631990Z,39.600002288818359,celsius
2024-09-10T07:42:25.609871030Z,39.5,celsius
2024-09-10T07:42:28.609854194Z,39.600002288818359,celsius
2024-09-10T07:42:29.609897691Z,39.5,celsius
2024-09-10T07:42:30.609742603Z,39.600002288818359,celsius
2024-09-10T07:42:31.609894941Z,39.5,celsius
2024-09-10T07:42:32.609895071Z,39.600002288818359,celsius
2024-09-10T07:42:35.609856128Z,39.5,celsius
2024-09-10T07:42:36.609887605Z,39.600002288818359,celsius
2024-09-10T07:42:39.609864714Z,39.5,celsius
2024-09-10T07:42:57.610220855Z,39.600002288818359,celsius
2024-09-10T07:43:00.609677828Z,39.5,celsius
2024-09-10T07:43:09.609897625Z,39.600002288818359,celsius
2024-09-10T07:43:10.609930748Z,39.5,celsius
2024-09-10T07:43:12.609684843Z,39.600002288818359,celsius
2024-09-10T07:43:13.609530055Z,39.5,celsius
2024-09-10T07:43:20.609744395Z,39.600002288818359,celsius
2024-09-10T07:43:21.609740402Z,39.5,celsius
2024-09-10T07:43:24.609898317Z,39.600002288818359,celsius
2024-09-10T07:43:25.609735535Z,39.5,celsius
2024-09-10T07:43:42.609894751Z,39.600002288818359,celsius
2024-09-10T07:43:44.609891722Z,39.5,celsius
2024-09-10T07:43:46.609895478Z,39.600002288818359,celsius
2024-09-10T07:43:47.609894493Z,39.5,celsius
2024-09-10T07:44:47.009503312Z,39.5,celsius
2024-09-10T07:45:39.609714769Z,39.600002288818359,celsius
2024-09-10T07:45:43.609633746Z,39.5,celsius
2024-09-10T07:46:25.609855913Z,39.600002288818359,celsius
2024-09-10T07:46:26.609498585Z,39.5,celsius
2024-09-10T07:47:19.609860921Z,39.400001525878906,celsius
2024-09-10T07:47:20.609866549Z,39.5,celsius
2024-09-10T07:47:48.709485770Z,39.400001525878906,celsius
2024-09-10T07:47:50.709421116Z,39.5,celsius
2024-09-10T07:48:32.709483698Z,39.400001525878906,celsius
2024-09-10T07:48:33.709363368Z,39.5,celsius
2024-09-10T07:48:34.709417370Z,39.400001525878906,celsius
2024-09-10T07:48:35.709486235Z,39.5,celsius
2024-09-10T07:48:40.709501448Z,39.400001525878906,celsius
2024-09-10T07:48:41.709525414Z,39.5,celsius
2024-09-10T07:48:42.709508287Z,39.400001525878906,celsius
2024-09-10T07:48:45.709467633Z,39.5,celsius
2024-09-10T07:48:54.709484399Z,39.400001525878906,celsius
2024-09-10T07:48:55.709487184Z,39.5,celsius
2024-09-10T07:48:56.709491377Z,39.400001525878906,celsius
2024-09-10T07:48:57.709392817Z,39.5,celsius
2024-09-10T07:49:05.709485663Z,39.400001525878906,celsius
2024-09-10T07:49:06.709491306Z,39.5,celsius
2024-09-10T07:49:22.709474761Z,39.400001525878906,celsius
2024-09-10T07:49:23.709474046Z,39.5,celsius
2024-09-10T07:49:49.709487298Z,39.400001525878906,celsius
2024-09-10T07:49:51.709494688Z,39.5,celsius
2024-09-10T07:50:03.709525558Z,39.400001525878906,celsius
2024-09-10T07:50:04.709455266Z,39.5,celsius
2024-09-10T07:50:07.709487355Z,39.400001525878906,celsius
2024-09-10T07:50:08.709486606Z,39.5,celsius
2024-09-10T07:50:18.709486703Z,39.400001525878906,celsius
2024-09-10T07:50:20.709485304Z,39.5,celsius
2024-09-10T07:50:29.709489934Z,39.400001525878906,celsius
2024-09-10T07:50:30.709339710Z,39.5,celsius
2024-09-10T07:50:33.709488195Z,39.400001525878906,celsius
2024-09-10T07:50:34.709487530Z,39.5,celsius
2024-09-10T07:50:38.709460663Z,39.400001525878906,celsius
2024-09-10T07:50:42.709479680Z,39.5,celsius
2024-09-10T07:50:45.709485980Z,39.400001525878906,celsius
2024-09-10T07:50:46.709490061Z,39.5,celsius
2024-09-10T07:50:50.709497023Z,39.400001525878906,celsius
2024-09-10T07:50:51.709492698Z,39.5,celsius
2024-09-10T07:50:52.709422477Z,39.400001525878906,celsius
2024-09-10T07:50:56.709491116Z,39.5,celsius
2024-09-10T07:50:57.709486638Z,39.400001525878906,celsius
2024-09-10T07:50:58.709486830Z,39.5,celsius
2024-09-10T07:50:59.709331386Z,39.400001525878906,celsius
2024-09-10T07:51:00.709488726Z,39.5,celsius
2024-09-10T07:51:01.709426221Z,39.400001525878906,celsius
2024-09-10T07:51:07.709332979Z,39.5,celsius
2024-09-10T07:51:09.709424124Z,39.400001525878906,celsius
2024-09-10T07:51:14.709464459Z,39.5,celsius
2024-09-10T07:51:15.709456063Z,39.400001525878906,celsius
2024-09-10T07:51:24.670750392Z,39.5,celsius
2024-09-10T07:51:25.670753542Z,39.400001525878906,celsius
2024-09-10T07:51:31.670918146Z,39.5,celsius
2024-09-10T07:51:32.670933856Z,39.400001525878906,celsius
2024-09-10T07:51:34.670921166Z,39.5,celsius
2024-09-10T07:51:35.670963376Z,39.400001525878906,celsius
2024-09-10T07:52:06.670929821Z,39.299999237060547,celsius
2024-09-10T07:52:07.670928238Z,39.400001525878906,celsius
2024-09-10T07:52:09.670930817Z,39.299999237060547,celsius
2024-09-10T07:52:11.670968093Z,39.400001525878906,celsius
2024-09-10T07:52:18.670911817Z,39.299999237060547,celsius
2024-09-10T07:52:21.670929647Z,39.400001525878906,celsius
2024-09-10T07:52:23.670937161Z,39.299999237060547,celsius
2024-09-10T07:52:24.670915170Z,39.400001525878906,celsius
2024-09-10T07:52:27.670755139Z,39.299999237060547,celsius
2024-09-10T07:52:29.670798626Z,39.400001525878906,celsius
2024-09-10T07:52:30.670711391Z,39.299999237060547,celsius
2024-09-10T07:52:32.670734669Z,39.400001525878906,celsius
2024-09-10T07:52:33.670721967Z,39.299999237060547,celsius
2024-09-10T07:52:38.670702462Z,39.400001525878906,celsius
2024-09-10T07:52:39.670935956Z,39.299999237060547,celsius
2024-09-10T07:52:40.670957939Z,39.400001525878906,celsius
2024-09-10T07:52:41.670932068Z,39.299999237060547,celsius
2024-09-10T07:52:43.670568188Z,39.400001525878906,celsius
2024-09-10T07:52:44.670941801Z,39.299999237060547,celsius
2024-09-10T07:52:46.670940489Z,39.400001525878906,celsius
2024-09-10T07:52:47.670963121Z,39.299999237060547,celsius
2024-09-10T07:52:50.670783880Z,39.400001525878906,celsius
2024-09-10T07:52:52.670932250Z,39.299999237060547,celsius
2024-09-10T07:52:54.670933407Z,39.400001525878906,celsius
2024-09-10T07:52:55.670932356Z,39.299999237060547,celsius
2024-09-10T07:52:57.670950437Z,39.400001525878906,celsius
2024-09-10T07:52:58.670929765Z,39.299999237060547,celsius
2024-09-10T07:53:09.670762326Z,39.400001525878906,celsius
2024-09-10T07:53:10.670724811Z,39.299999237060547,celsius
2024-09-10T07:53:42.770554364Z,39.400001525878906,celsius
2024-09-10T07:53:43.770400115Z,39.299999237060547,celsius
2024-09-10T07:54:43.070530691Z,39.299999237060547,celsius
2024-09-10T07:54:53.770553377Z,39.200000762939453,celsius
2024-09-10T07:54:54.770553341Z,39.299999237060547,celsius
2024-09-10T07:54:56.770559669Z,39.200000762939453,celsius
2024-09-10T07:54:57.770489604Z,39.299999237060547,celsius
2024-09-10T07:55:25.770553028Z,39.200000762939453,celsius
2024-09-10T07:55:26.770547397Z,39.299999237060547,celsius
